Workbook

Sheet HASIL PROD
C1: OKEY | H1: CHAMP AYAM | M1: CHAMP SAPI | R1: CHAMP OTAK-OTAK | W1: Fiesta | Z1: KARANTINA | AF1: PVDC WIRE | AQ1: RELEASE
B2: KODE BATCH | C2: Hasil | E2: PVDC | G2: WIRE | H2: Hasil | J2: PVDC | L2: WIRE | M2: Hasil | O2: PVDC | Q2: WIRE | R2: Hasil | T2: PVDC | V2: WIRE | W2: Hasil | AF2: Okey | AH2: C. Ayam | AJ2: C. Sapi | AL2: C. Otak2 | AN2: Fiesta
C3: Box | D3: Kg | E3: PEMAKAIAN | F3: ROLL | G3: PEMAKAIAN | H3: Box | I3: Kg | J3: PEMAKAIAN | K3: ROLL | L3: PEMAKAIAN | M3: Box | N3: Kg | O3: PEMAKAIAN | P3: ROLL | Q3: PEMAKAIAN | R3: Box | S3: Kg | T3: STD | U3: Actual | V3: STD | W3: Box | X3: Kg | Z3: Okey | AA3: C. Ayam | AB3: C. Sapi | AC3: C. Otak2 | AD3: Fiesta | AF3: PVDC | AG3: WIRE | AH3: PVDC | AI3: WIRE | AJ3: PVDC | AK3: WIRE | AL3: PVDC | AM3: WIRE | AN3: PVDC | AO3: WIRE | AQ3: Okey | AR3: C. Ayam | AS3: C. Sapi | AT3: C. Otak2 | AU3: Fiesta
A4: =+'ALL SORTASI'!A6 -> 46204 | B4: QG01701 | C4: 435 | D4: =+C4*3.875 -> 1685.625 | E4: =+D4/0.0125*0.125 -> 16856.25 | F4: =+E4/1500 -> 11.2375 | G4: =+D4/0.0125*0.000318 -> 42.8823 | H4: 463 | I4: =+H4*3.276 -> 1516.788 | J4: =+I4/0.0185*0.185 -> 15167.88 | K4: =+J4/1500 -> 10.11192 | L4: =+I4/0.0185*0.000318 -> 26.072356 | N4: =+M4*3.276 -> 0 | O4: =+N4/0.0185*0.185 -> 0 | P4: =+O4/1500 -> 0 | Q4: =+N4/0.0185*0.000318 -> 0 | S4: =+R4*3.276 -> 0 | T4: =+S4/0.0185*0.185 -> 0 | U4: =+T4/1500 -> 0 | V4: =+S4/0.0185*0.000318 -> 0 | X4: =+W4*2.4 -> 0 | Z4: =IFERROR((D4/'REKAPAN OKEY AYAM'!$AC4),"-") -> 0.1642682 | AA4: =IFERROR((I4/'REKAPAN CHAMP AYAM'!$AC4),"-") -> 0.89818798 | AB4: =IFERROR((N4/'REKAPAN CHAMP SAPI'!AC4),"-") -> - | AC4: =IFERROR((S4/'REKAPAN CHAMP OTAK-OTAK'!AC4),"-") -> - | AD4: =IFERROR((X4/'REKAPAN FIESTA'!AC4),"-") -> - | AF4: =IFERROR(((D4/0.0125*0.125)/F4),"-") -> 1500 | AG4: =IFERROR(((D4/0.0125*0.000318)/#REF!),"-") -> - | AH4: =IFERROR(((I4/0.0185*0.185)/K4),"-") -> 1500 | AI4: =IFERROR(((I4/0.0185*0.000318)/#REF!),"-") -> - | AJ4: =IFERROR(((N4/0.0185*0.185)/P4),"-") -> - | AK4: =IFERROR(((N4/0.0185*0.000318)/#REF!),"-") -> - | AL4: =IFERROR(((S4/0.0185*0.185)/U4),"-") -> - | AM4: =IFERROR(((S4/0.0185*0.000318)/#REF!),"-") -> - | AQ4: =IFERROR(('REKAPAN OKEY AYAM'!$AD4),"-") -> 0.9693712 | AR4: =IFERROR(('REKAPAN CHAMP AYAM'!$AD4),"-") -> 0.85744943 | AS4: =IFERROR(('REKAPAN CHAMP SAPI'!$AD4),"-") -> - | AT4: =IFERROR(('REKAPAN CHAMP OTAK-OTAK'!$AD4),"-") -> - | AU4: =IFERROR(('REKAPAN FIESTA'!$AD4),"-") -> -
A5: =+$A$4 -> 46204 | B5: QG01702 | C5: 413 | D5: =+C5*3.875 -> 1600.375 | E5: =+D5/0.0125*0.125 -> 16003.75 | F5: =+E5/1500 -> 10.669167 | G5: =+D5/0.0125*0.000318 -> 40.71354 | I5: =+H5*3.276 -> 0 | J5: =+I5/0.0185*0.185 -> 0 | K5: =+J5/1500 -> 0 | L5: =+I5/0.0185*0.000318 -> 0 | N5: =+M5*3.276 -> 0 | O5: =+N5/0.0185*0.185 -> 0 | P5: =+O5/1500 -> 0 | Q5: =+N5/0.0185*0.000318 -> 0 | S5: =+R5*3.276 -> 0 | T5: =+S5/0.0185*0.185 -> 0 | U5: =+T5/1500 -> 0 | V5: =+S5/0.0185*0.000318 -> 0
A6: =+$A$4 -> 46204 | B6: QG01703 | C6: 447 | D6: =+C6*3.875 -> 1732.125 | E6: =+D6/0.0125*0.125 -> 17321.25 | F6: =+E6/1500 -> 11.5475 | G6: =+D6/0.0125*0.000318 -> 44.06526 | I6: =+H6*3.276 -> 0 | J6: =+I6/0.0185*0.185 -> 0 | K6: =+J6/1500 -> 0 | L6: =+I6/0.0185*0.000318 -> 0 | N6: =+M6*3.276 -> 0 | O6: =+N6/0.0185*0.185 -> 0 | P6: =+O6/1500 -> 0 | Q6: =+N6/0.0185*0.000318 -> 0 | S6: =+R6*3.276 -> 0 | T6: =+S6/0.0185*0.185 -> 0 | U6: =+T6/1500 -> 0 | V6: =+S6/0.0185*0.000318 -> 0
A7: =+$A$4 -> 46204 | B7: QG01704 | C7: 481 | D7: =+C7*3.875 -> 1863.875 | E7: =+D7/0.0125*0.125 -> 18638.75 | F7: =+E7/1500 -> 12.425833 | G7: =+D7/0.0125*0.000318 -> 47.41698 | I7: =+H7*3.276 -> 0 | J7: =+I7/0.0185*0.185 -> 0 | K7: =+J7/1500 -> 0 | L7: =+I7/0.0185*0.000318 -> 0 | N7: =+M7*3.276 -> 0 | O7: =+N7/0.0185*0.185 -> 0 | P7: =+O7/1500 -> 0 | Q7: =+N7/0.0185*0.000318 -> 0 | S7: =+R7*3.276 -> 0 | T7: =+S7/0.0185*0.185 -> 0 | U7: =+T7/1500 -> 0 | V7: =+S7/0.0185*0.000318 -> 0
A8: =+$A$4 -> 46204 | B8: QG01705 | C8: 467 | D8: =+C8*3.875 -> 1809.625 | E8: =+D8/0.0125*0.125 -> 18096.25 | F8: =+E8/1500 -> 12.064167 | G8: =+D8/0.0125*0.000318 -> 46.03686 | I8: =+H8*3.276 -> 0 | J8: =+I8/0.0185*0.185 -> 0 | K8: =+J8/1500 -> 0 | L8: =+I8/0.0185*0.000318 -> 0 | N8: =+M8*3.276 -> 0 | O8: =+N8/0.0185*0.185 -> 0 | P8: =+O8/1500 -> 0 | Q8: =+N8/0.0185*0.000318 -> 0 | S8: =+R8*3.276 -> 0 | T8: =+S8/0.0185*0.185 -> 0 | U8: =+T8/1500 -> 0 | V8: =+S8/0.0185*0.000318 -> 0
A9: =+$A$4 -> 46204 | B9: QG01706 | C9: 290 | D9: =+C9*3.875 -> 1123.75 | E9: =+D9/0.0125*0.125 -> 11237.5 | F9: =+E9/1500 -> 7.4916667 | G9: =+D9/0.0125*0.000318 -> 28.5882 | I9: =+H9*3.276 -> 0 | J9: =+I9/0.0185*0.185 -> 0 | K9: =+J9/1500 -> 0 | L9: =+I9/0.0185*0.000318 -> 0 | N9: =+M9*3.276 -> 0 | O9: =+N9/0.0185*0.185 -> 0 | P9: =+O9/1500 -> 0 | Q9: =+N9/0.0185*0.000318 -> 0 | S9: =+R9*3.276 -> 0 | T9: =+S9/0.0185*0.185 -> 0 | U9: =+T9/1500 -> 0 | V9: =+S9/0.0185*0.000318 -> 0
A10: =+$A$4 -> 46204 | B10: QG01707 | C10: 102 | D10: =+C10*3.875 -> 395.25 | E10: =+D10/0.0125*0.125 -> 3952.5 | F10: =+E10/1500 -> 2.635 | G10: =+D10/0.0125*0.000318 -> 10.05516 | I10: =+H10*3.276 -> 0 | J10: =+I10/0.0185*0.185 -> 0 | K10: =+J10/1500 -> 0 | L10: =+I10/0.0185*0.000318 -> 0 | N10: =+M10*3.276 -> 0 | O10: =+N10/0.0185*0.185 -> 0 | P10: =+O10/1500 -> 0 | Q10: =+N10/0.0185*0.000318 -> 0 | S10: =+R10*3.276 -> 0 | T10: =+S10/0.0185*0.185 -> 0 | U10: =+T10/1500 -> 0 | V10: =+S10/0.0185*0.000318 -> 0
A11: =+$A$4 -> 46204 | D11: =+C11*3.875 -> 0 | E11: =+D11/0.0125*0.125 -> 0 | F11: =+E11/1500 -> 0 | G11: =+D11/0.0125*0.000318 -> 0 | I11: =+H11*3.276 -> 0 | J11: =+I11/0.0185*0.185 -> 0 | K11: =+J11/1500 -> 0 | L11: =+I11/0.0185*0.000318 -> 0 | N11: =+M11*3.276 -> 0 | O11: =+N11/0.0185*0.185 -> 0 | P11: =+O11/1500 -> 0 | Q11: =+N11/0.0185*0.000318 -> 0 | S11: =+R11*3.276 -> 0 | T11: =+S11/0.0185*0.185 -> 0 | U11: =+T11/1500 -> 0 | V11: =+S11/0.0185*0.000318 -> 0
A12: =+$A$4 -> 46204 | D12: =+C12*3.875 -> 0 | E12: =+D12/0.0125*0.125 -> 0 | F12: =+E12/1500 -> 0 | G12: =+D12/0.0125*0.000318 -> 0 | I12: =+H12*3.276 -> 0 | J12: =+I12/0.0185*0.185 -> 0 | K12: =+J12/1500 -> 0 | L12: =+I12/0.0185*0.000318 -> 0 | N12: =+M12*3.276 -> 0 | O12: =+N12/0.0185*0.185 -> 0 | P12: =+O12/1500 -> 0 | Q12: =+N12/0.0185*0.000318 -> 0 | S12: =+R12*3.276 -> 0 | T12: =+S12/0.0185*0.185 -> 0 | U12: =+T12/1500 -> 0 | V12: =+S12/0.0185*0.000318 -> 0
A13: =+$A$4 -> 46204 | D13: =+C13*3.875 -> 0 | E13: =+D13/0.0125*0.125 -> 0 | F13: =+E13/1500 -> 0 | G13: =+D13/0.0125*0.000318 -> 0 | I13: =+H13*3.276 -> 0 | J13: =+I13/0.0185*0.185 -> 0 | K13: =+J13/1500 -> 0 | L13: =+I13/0.0185*0.000318 -> 0 | N13: =+M13*3.276 -> 0 | O13: =+N13/0.0185*0.185 -> 0 | P13: =+O13/1500 -> 0 | Q13: =+N13/0.0185*0.000318 -> 0 | S13: =+R13*3.276 -> 0 | T13: =+S13/0.0185*0.185 -> 0 | U13: =+T13/1500 -> 0 | V13: =+S13/0.0185*0.000318 -> 0
B14: TOTAL | C14: =SUM(C4:C13) -> 2635 | D14: =+C14*3.875 -> 10210.625 | E14: =SUM(E4:E13) -> 102106.25 | F14: =SUM(F4:F13) -> 68.070833 | G14: =SUM(G4:G13) -> 259.7583 | H14: =SUM(H4:H13) -> 463 | I14: =+H14*3.276 -> 1516.788 | J14: =SUM(J4:J13) -> 15167.88 | K14: =SUM(K4:K13) -> 10.11192 | L14: =SUM(L4:L13) -> 26.072356 | M14: =SUM(M4:M13) -> 0 | N14: =+M14*3.276 -> 0 | O14: =SUM(O4:O13) -> 0 | P14: =SUM(P4:P13) -> 0 | Q14: =SUM(Q4:Q13) -> 0 | R14: =SUM(R4:R13) -> 0 | S14: =+R14*3.276 -> 0 | T14: =SUM(T4:T13) -> 0 | U14: =SUM(U4:U13) -> 0 | V14: =SUM(V4:V13) -> 0
A15: =+A4+1 -> 46205 | B15: QG02701 | D15: =+C15*3.875 -> 0 | E15: =+D15/0.0125*0.125 -> 0 | F15: =+E15/1500 -> 0 | G15: =+D15/0.0125*0.000318 -> 0 | H15: 469 | I15: =+H15*3.276 -> 1536.444 | J15: =+I15/0.0185*0.185 -> 15364.44 | K15: =+J15/1500 -> 10.24296 | L15: =+I15/0.0185*0.000318 -> 26.410227 | N15: =+M15*3.276 -> 0 | O15: =+N15/0.0185*0.185 -> 0 | P15: =+O15/1500 -> 0 | Q15: =+N15/0.0185*0.000318 -> 0 | S15: =+R15*3.276 -> 0 | T15: =+S15/0.0185*0.185 -> 0 | U15: =+T15/1500 -> 0 | V15: =+S15/0.0185*0.000318 -> 0 | X15: =+W15*2.4 -> 0 | Z15: =IFERROR((D15/'REKAPAN OKEY AYAM'!$AC5),"-") -> - | AA15: =IFERROR((I15/'REKAPAN CHAMP AYAM'!$AC5),"-") -> 0.10109195 | AB15: =IFERROR((N15/'REKAPAN CHAMP SAPI'!AC5),"-") -> - | AC15: =IFERROR((S15/'REKAPAN CHAMP OTAK-OTAK'!AC5),"-") -> - | AD15: =IFERROR((X15/'REKAPAN FIESTA'!AC5),"-") -> - | AF15: =IFERROR(((D15/0.0125*0.125)/F15),"-") -> - | AG15: =IFERROR(((D15/0.0125*0.000318)/#REF!),"-") -> - | AH15: =IFERROR(((I15/0.0185*0.185)/K15),"-") -> 1500 | AI15: =IFERROR(((I15/0.0185*0.000318)/#REF!),"-") -> - | AJ15: =IFERROR(((N15/0.0185*0.185)/P15),"-") -> - | AK15: =IFERROR(((N15/0.0185*0.000318)/#REF!),"-") -> - | AL15: =IFERROR(((S15/0.0185*0.185)/U15),"-") -> - | AM15: =IFERROR(((S15/0.0185*0.000318)/#REF!),"-") -> - | AQ15: =IFERROR(('REKAPAN OKEY AYAM'!$AD5),"-") -> - | AR15: =IFERROR(('REKAPAN CHAMP AYAM'!$AD5),"-") -> 0.90443886 | AS15: =IFERROR(('REKAPAN CHAMP SAPI'!$AD5),"-") -> - | AT15: =IFERROR(('REKAPAN CHAMP OTAK-OTAK'!$AD5),"-") -> - | AU15: =IFERROR(('REKAPAN FIESTA'!$AD5),"-") -> -
A16: =+$A15 -> 46205 | B16: QG02702 | D16: =+C16*3.875 -> 0 | E16: =+D16/0.0125*0.125 -> 0 | F16: =+E16/1500 -> 0 | G16: =+D16/0.0125*0.000318 -> 0 | H16: 493 | I16: =+H16*3.276 -> 1615.068 | J16: =+I16/0.0185*0.185 -> 16150.68 | K16: =+J16/1500 -> 10.76712 | L16: =+I16/0.0185*0.000318 -> 27.761709 | N16: =+M16*3.276 -> 0 | O16: =+N16/0.0185*0.185 -> 0 | P16: =+O16/1500 -> 0 | Q16: =+N16/0.0185*0.000318 -> 0 | S16: =+R16*3.276 -> 0 | T16: =+S16/0.0185*0.185 -> 0 | U16: =+T16/1500 -> 0 | V16: =+S16/0.0185*0.000318 -> 0
A17: =+$A16 -> 46205 | B17: QG02703 | D17: =+C17*3.875 -> 0 | E17: =+D17/0.0125*0.125 -> 0 | F17: =+E17/1500 -> 0 | G17: =+D17/0.0125*0.000318 -> 0 | H17: 416 | I17: =+H17*3.276 -> 1362.816 | J17: =+I17/0.0185*0.185 -> 13628.16 | K17: =+J17/1500 -> 9.08544 | L17: =+I17/0.0185*0.000318 -> 23.425702 | N17: =+M17*3.276 -> 0 | O17: =+N17/0.0185*0.185 -> 0 | P17: =+O17/1500 -> 0 | Q17: =+N17/0.0185*0.000318 -> 0 | S17: =+R17*3.276 -> 0 | T17: =+S17/0.0185*0.185 -> 0 | U17: =+T17/1500 -> 0 | V17: =+S17/0.0185*0.000318 -> 0
A18: =+$A17 -> 46205 | B18: QG02704 | D18: =+C18*3.875 -> 0 | E18: =+D18/0.0125*0.125 -> 0 | F18: =+E18/1500 -> 0 | G18: =+D18/0.0125*0.000318 -> 0 | H18: 503 | I18: =+H18*3.276 -> 1647.828 | J18: =+I18/0.0185*0.185 -> 16478.28 | K18: =+J18/1500 -> 10.98552 | L18: =+I18/0.0185*0.000318 -> 28.324827 | N18: =+M18*3.276 -> 0 | O18: =+N18/0.0185*0.185 -> 0 | P18: =+O18/1500 -> 0 | Q18: =+N18/0.0185*0.000318 -> 0 | S18: =+R18*3.276 -> 0 | T18: =+S18/0.0185*0.185 -> 0 | U18: =+T18/1500 -> 0 | V18: =+S18/0.0185*0.000318 -> 0
A19: =+$A18 -> 46205 | B19: QG02705 | D19: =+C19*3.875 -> 0 | E19: =+D19/0.0125*0.125 -> 0 | F19: =+E19/1500 -> 0 | G19: =+D19/0.0125*0.000318 -> 0 | H19: 519 | I19: =+H19*3.276 -> 1700.244 | J19: =+I19/0.0185*0.185 -> 17002.44 | K19: =+J19/1500 -> 11.33496 | L19: =+I19/0.0185*0.000318 -> 29.225816 | N19: =+M19*3.276 -> 0 | O19: =+N19/0.0185*0.185 -> 0 | P19: =+O19/1500 -> 0 | Q19: =+N19/0.0185*0.000318 -> 0 | S19: =+R19*3.276 -> 0 | T19: =+S19/0.0185*0.185 -> 0 | U19: =+T19/1500 -> 0 | V19: =+S19/0.0185*0.000318 -> 0
A20: =+$A19 -> 46205 | B20: QG02706 | D20: =+C20*3.875 -> 0 | E20: =+D20/0.0125*0.125 -> 0 | F20: =+E20/1500 -> 0 | G20: =+D20/0.0125*0.000318 -> 0 | H20: 474 | I20: =+H20*3.276 -> 1552.824 | J20: =+I20/0.0185*0.185 -> 15528.24 | K20: =+J20/1500 -> 10.35216 | L20: =+I20/0.0185*0.000318 -> 26.691786 | N20: =+M20*3.276 -> 0 | O20: =+N20/0.0185*0.185 -> 0 | P20: =+O20/1500 -> 0 | Q20: =+N20/0.0185*0.000318 -> 0 | S20: =+R20*3.276 -> 0 | T20: =+S20/0.0185*0.185 -> 0 | U20: =+T20/1500 -> 0 | V20: =+S20/0.0185*0.000318 -> 0
A21: =+$A20 -> 46205 | B21: QG02707 | D21: =+C21*3.875 -> 0 | E21: =+D21/0.0125*0.125 -> 0 | F21: =+E21/1500 -> 0 | G21: =+D21/0.0125*0.000318 -> 0 | H21: 557 | I21: =+H21*3.276 -> 1824.732 | J21: =+I21/0.0185*0.185 -> 18247.32 | K21: =+J21/1500 -> 12.16488 | L21: =+I21/0.0185*0.000318 -> 31.365664 | N21: =+M21*3.276 -> 0 | O21: =+N21/0.0185*0.185 -> 0 | P21: =+O21/1500 -> 0 | Q21: =+N21/0.0185*0.000318 -> 0 | S21: =+R21*3.276 -> 0 | T21: =+S21/0.0185*0.185 -> 0 | U21: =+T21/1500 -> 0 | V21: =+S21/0.0185*0.000318 -> 0
A22: =+$A21 -> 46205 | B22: QG02708 | D22: =+C22*3.875 -> 0 | E22: =+D22/0.0125*0.125 -> 0 | F22: =+E22/1500 -> 0 | G22: =+D22/0.0125*0.000318 -> 0 | H22: 586 | I22: =+H22*3.276 -> 1919.736 | J22: =+I22/0.0185*0.185 -> 19197.36 | K22: =+J22/1500 -> 12.79824 | L22: =+I22/0.0185*0.000318 -> 32.998705 | N22: =+M22*3.276 -> 0 | O22: =+N22/0.0185*0.185 -> 0 | P22: =+O22/1500 -> 0 | Q22: =+N22/0.0185*0.000318 -> 0 | S22: =+R22*3.276 -> 0 | T22: =+S22/0.0185*0.185 -> 0 | U22: =+T22/1500 -> 0 | V22: =+S22/0.0185*0.000318 -> 0
A23: =+$A22 -> 46205 | B23: QG02709 | D23: =+C23*3.875 -> 0 | E23: =+D23/0.0125*0.125 -> 0 | F23: =+E23/1500 -> 0 | G23: =+D23/0.0125*0.000318 -> 0 | H23: 393 | I23: =+H23*3.276 -> 1287.468 | J23: =+I23/0.0185*0.185 -> 12874.68 | K23: =+J23/1500 -> 8.58312 | L23: =+I23/0.0185*0.000318 -> 22.130531 | N23: =+M23*3.276 -> 0 | O23: =+N23/0.0185*0.185 -> 0 | P23: =+O23/1500 -> 0 | Q23: =+N23/0.0185*0.000318 -> 0 | S23: =+R23*3.276 -> 0 | T23: =+S23/0.0185*0.185 -> 0 | U23: =+T23/1500 -> 0 | V23: =+S23/0.0185*0.000318 -> 0
A24: =+$A23 -> 46205 | D24: =+C24*3.875 -> 0 | E24: =+D24/0.0125*0.125 -> 0 | F24: =+E24/1500 -> 0 | G24: =+D24/0.0125*0.000318 -> 0 | I24: =+H24*3.276 -> 0 | J24: =+I24/0.0185*0.185 -> 0 | K24: =+J24/1500 -> 0 | L24: =+I24/0.0185*0.000318 -> 0 | N24: =+M24*3.276 -> 0 | O24: =+N24/0.0185*0.185 -> 0 | P24: =+O24/1500 -> 0 | Q24: =+N24/0.0185*0.000318 -> 0 | S24: =+R24*3.276 -> 0 | T24: =+S24/0.0185*0.185 -> 0 | U24: =+T24/1500 -> 0 | V24: =+S24/0.0185*0.000318 -> 0
B25: TOTAL | C25: =SUM(C15:C24) -> 0 | D25: =+C25*3.875 -> 0 | E25: =SUM(E15:E24) -> 0 | F25: =SUM(F15:F24) -> 0 | G25: =SUM(G15:G24) -> 0 | H25: =SUM(H15:H24) -> 4410 | I25: =+H25*3.276 -> 14447.16 | J25: =SUM(J15:J24) -> 144471.6 | K25: =SUM(K15:K24) -> 96.3144 | L25: =SUM(L15:L24) -> 248.33497 | M25: =SUM(M15:M24) -> 0 | N25: =+M25*3.276 -> 0 | O25: =SUM(O15:O24) -> 0 | P25: =SUM(P15:P24) -> 0 | Q25: =SUM(Q15:Q24) -> 0 | R25: =SUM(R15:R24) -> 0 | S25: =+R25*3.276 -> 0 | T25: =SUM(T15:T24) -> 0 | U25: =SUM(U15:U24) -> 0 | V25: =SUM(V15:V24) -> 0
A26: =+A15+1 -> 46206 | B26: QG03701 | D26: =+C26*3.875 -> 0 | E26: =+D26/0.0125*0.125 -> 0 | F26: =+E26/1500 -> 0 | G26: =+D26/0.0125*0.000318 -> 0 | H26: 521 | I26: =+H26*3.276 -> 1706.796 | J26: =+I26/0.0185*0.185 -> 17067.96 | K26: =+J26/1500 -> 11.37864 | L26: =+I26/0.0185*0.000318 -> 29.338439 | N26: =+M26*3.276 -> 0 | O26: =+N26/0.0185*0.185 -> 0 | P26: =+O26/1500 -> 0 | Q26: =+N26/0.0185*0.000318 -> 0 | S26: =+R26*3.276 -> 0 | T26: =+S26/0.0185*0.185 -> 0 | U26: =+T26/1500 -> 0 | V26: =+S26/0.0185*0.000318 -> 0 | X26: =+W26*2.4 -> 0 | Z26: =IFERROR((D26/'REKAPAN OKEY AYAM'!$AC6),"-") -> - | AA26: =IFERROR((I26/'REKAPAN CHAMP AYAM'!$AC6),"-") -> 0.126338 | AB26: =IFERROR((N26/'REKAPAN CHAMP SAPI'!AC6),"-") -> - | AC26: =IFERROR((S26/'REKAPAN CHAMP OTAK-OTAK'!AC6),"-") -> - | AD26: =IFERROR((X26/'REKAPAN FIESTA'!AC6),"-") -> - | AF26: =IFERROR(((D26/0.0125*0.125)/F26),"-") -> - | AG26: =IFERROR(((D26/0.0125*0.000318)/#REF!),"-") -> - | AH26: =IFERROR(((I26/0.0185*0.185)/K26),"-") -> 1500 | AI26: =IFERROR(((I26/0.0185*0.000318)/#REF!),"-") -> - | AJ26: =IFERROR(((N26/0.0185*0.185)/P26),"-") -> - | AK26: =IFERROR(((N26/0.0185*0.000318)/#REF!),"-") -> - | AL26: =IFERROR(((S26/0.0185*0.185)/U26),"-") -> - | AM26: =IFERROR(((S26/0.0185*0.000318)/#REF!),"-") -> - | AQ26: =IFERROR(('REKAPAN OKEY AYAM'!$AD6),"-") -> - | AR26: =IFERROR(('REKAPAN CHAMP AYAM'!$AD6),"-") -> 1.0099765 | AS26: =IFERROR(('REKAPAN CHAMP SAPI'!$AD6),"-") -> - | AT26: =IFERROR(('REKAPAN CHAMP OTAK-OTAK'!$AD6),"-") -> - | AU26: =IFERROR(('REKAPAN FIESTA'!$AD6),"-") -> -
A27: =+$A26 -> 46206 | B27: QG03702 | D27: =+C27*3.875 -> 0 | E27: =+D27/0.0125*0.125 -> 0 | F27: =+E27/1500 -> 0 | G27: =+D27/0.0125*0.000318 -> 0 | H27: 527 | I27: =+H27*3.276 -> 1726.452 | J27: =+I27/0.0185*0.185 -> 17264.52 | K27: =+J27/1500 -> 11.50968 | L27: =+I27/0.0185*0.000318 -> 29.67631 | N27: =+M27*3.276 -> 0 | O27: =+N27/0.0185*0.185 -> 0 | P27: =+O27/1500 -> 0 | Q27: =+N27/0.0185*0.000318 -> 0 | S27: =+R27*3.276 -> 0 | T27: =+S27/0.0185*0.185 -> 0 | U27: =+T27/1500 -> 0 | V27: =+S27/0.0185*0.000318 -> 0
A28: =+$A27 -> 46206 | B28: QG03703 | D28: =+C28*3.875 -> 0 | E28: =+D28/0.0125*0.125 -> 0 | F28: =+E28/1500 -> 0 | G28: =+D28/0.0125*0.000318 -> 0 | H28: 485 | I28: =+H28*3.276 -> 1588.86 | J28: =+I28/0.0185*0.185 -> 15888.6 | K28: =+J28/1500 -> 10.5924 | L28: =+I28/0.0185*0.000318 -> 27.311215 | N28: =+M28*3.276 -> 0 | O28: =+N28/0.0185*0.185 -> 0 | P28: =+O28/1500 -> 0 | Q28: =+N28/0.0185*0.000318 -> 0 | S28: =+R28*3.276 -> 0 | T28: =+S28/0.0185*0.185 -> 0 | U28: =+T28/1500 -> 0 | V28: =+S28/0.0185*0.000318 -> 0
A29: =+$A28 -> 46206 | B29: QG03704 | D29: =+C29*3.875 -> 0 | E29: =+D29/0.0125*0.125 -> 0 | F29: =+E29/1500 -> 0 | G29: =+D29/0.0125*0.000318 -> 0 | H29: 534 | I29: =+H29*3.276 -> 1749.384 | J29: =+I29/0.0185*0.185 -> 17493.84 | K29: =+J29/1500 -> 11.66256 | L29: =+I29/0.0185*0.000318 -> 30.070493 | N29: =+M29*3.276 -> 0 | O29: =+N29/0.0185*0.185 -> 0 | P29: =+O29/1500 -> 0 | Q29: =+N29/0.0185*0.000318 -> 0 | S29: =+R29*3.276 -> 0 | T29: =+S29/0.0185*0.185 -> 0 | U29: =+T29/1500 -> 0 | V29: =+S29/0.0185*0.000318 -> 0
A30: =+$A29 -> 46206 | B30: QG03705 | D30: =+C30*3.875 -> 0 | E30: =+D30/0.0125*0.125 -> 0 | F30: =+E30/1500 -> 0 | G30: =+D30/0.0125*0.000318 -> 0 | H30: 587 | I30: =+H30*3.276 -> 1923.012 | J30: =+I30/0.0185*0.185 -> 19230.12 | K30: =+J30/1500 -> 12.82008 | L30: =+I30/0.0185*0.000318 -> 33.055017 | N30: =+M30*3.276 -> 0 | O30: =+N30/0.0185*0.185 -> 0 | P30: =+O30/1500 -> 0 | Q30: =+N30/0.0185*0.000318 -> 0 | S30: =+R30*3.276 -> 0 | T30: =+S30/0.0185*0.185 -> 0 | U30: =+T30/1500 -> 0 | V30: =+S30/0.0185*0.000318 -> 0
A31: =+$A30 -> 46206 | B31: QG03706 | D31: =+C31*3.875 -> 0 | E31: =+D31/0.0125*0.125 -> 0 | F31: =+E31/1500 -> 0 | G31: =+D31/0.0125*0.000318 -> 0 | H31: 517 | I31: =+H31*3.276 -> 1693.692 | J31: =+I31/0.0185*0.185 -> 16936.92 | K31: =+J31/1500 -> 11.29128 | L31: =+I31/0.0185*0.000318 -> 29.113192 | N31: =+M31*3.276 -> 0 | O31: =+N31/0.0185*0.185 -> 0 | P31: =+O31/1500 -> 0 | Q31: =+N31/0.0185*0.000318 -> 0 | S31: =+R31*3.276 -> 0 | T31: =+S31/0.0185*0.185 -> 0 | U31: =+T31/1500 -> 0 | V31: =+S31/0.0185*0.000318 -> 0
A32: =+$A31 -> 46206 | B32: QG03707 | D32: =+C32*3.875 -> 0 | E32: =+D32/0.0125*0.125 -> 0 | F32: =+E32/1500 -> 0 | G32: =+D32/0.0125*0.000318 -> 0 | H32: 685 | I32: =+H32*3.276 -> 2244.06 | J32: =+I32/0.0185*0.185 -> 22440.6 | K32: =+J32/1500 -> 14.9604 | L32: =+I32/0.0185*0.000318 -> 38.573572 | N32: =+M32*3.276 -> 0 | O32: =+N32/0.0185*0.185 -> 0 | P32: =+O32/1500 -> 0 | Q32: =+N32/0.0185*0.000318 -> 0 | S32: =+R32*3.276 -> 0 | T32: =+S32/0.0185*0.185 -> 0 | U32: =+T32/1500 -> 0 | V32: =+S32/0.0185*0.000318 -> 0
A33: =+$A32 -> 46206 | B33: QG03708 | D33: =+C33*3.875 -> 0 | E33: =+D33/0.0125*0.125 -> 0 | F33: =+E33/1500 -> 0 | G33: =+D33/0.0125*0.000318 -> 0 | H33: 465 | I33: =+H33*3.276 -> 1523.34 | J33: =+I33/0.0185*0.185 -> 15233.4 | K33: =+J33/1500 -> 10.1556 | L33: =+I33/0.0185*0.000318 -> 26.184979 | N33: =+M33*3.276 -> 0 | O33: =+N33/0.0185*0.185 -> 0 | P33: =+O33/1500 -> 0 | Q33: =+N33/0.0185*0.000318 -> 0 | S33: =+R33*3.276 -> 0 | T33: =+S33/0.0185*0.185 -> 0 | U33: =+T33/1500 -> 0 | V33: =+S33/0.0185*0.000318 -> 0
A34: =+$A33 -> 46206 | D34: =+C34*3.875 -> 0 | E34: =+D34/0.0125*0.125 -> 0 | F34: =+E34/1500 -> 0 | G34: =+D34/0.0125*0.000318 -> 0 | I34: =+H34*3.276 -> 0 | J34: =+I34/0.0185*0.185 -> 0 | K34: =+J34/1500 -> 0 | L34: =+I34/0.0185*0.000318 -> 0 | N34: =+M34*3.276 -> 0 | O34: =+N34/0.0185*0.185 -> 0 | P34: =+O34/1500 -> 0 | Q34: =+N34/0.0185*0.000318 -> 0 | S34: =+R34*3.276 -> 0 | T34: =+S34/0.0185*0.185 -> 0 | U34: =+T34/1500 -> 0 | V34: =+S34/0.0185*0.000318 -> 0
A35: =+$A34 -> 46206 | D35: =+C35*3.875 -> 0 | E35: =+D35/0.0125*0.125 -> 0 | F35: =+E35/1500 -> 0 | G35: =+D35/0.0125*0.000318 -> 0 | I35: =+H35*3.276 -> 0 | J35: =+I35/0.0185*0.185 -> 0 | K35: =+J35/1500 -> 0 | L35: =+I35/0.0185*0.000318 -> 0 | N35: =+M35*3.276 -> 0 | O35: =+N35/0.0185*0.185 -> 0 | P35: =+O35/1500 -> 0 | Q35: =+N35/0.0185*0.000318 -> 0 | S35: =+R35*3.276 -> 0 | T35: =+S35/0.0185*0.185 -> 0 | U35: =+T35/1500 -> 0 | V35: =+S35/0.0185*0.000318 -> 0
B36: TOTAL | C36: =SUM(C26:C35) -> 0 | D36: =+C36*3.875 -> 0 | E36: =SUM(E26:E35) -> 0 | F36: =SUM(F26:F35) -> 0 | G36: =SUM(G26:G35) -> 0 | H36: =SUM(H26:H35) -> 4321 | I36: =+H36*3.276 -> 14155.596 | J36: =SUM(J26:J35) -> 141555.96 | K36: =SUM(K26:K35) -> 94.37064 | L36: =SUM(L26:L35) -> 243.32322 | M36: =SUM(M26:M35) -> 0 | N36: =+M36*3.276 -> 0 | O36: =SUM(O26:O35) -> 0 | P36: =SUM(P26:P35) -> 0 | Q36: =SUM(Q26:Q35) -> 0 | R36: =SUM(R26:R35) -> 0 | S36: =+R36*3.276 -> 0 | T36: =SUM(T26:T35) -> 0 | U36: =SUM(U26:U35) -> 0 | V36: =SUM(V26:V35) -> 0
A37: =+A26+1 -> 46207 | D37: =+C37*3.875 -> 0 | E37: =+D37/0.0125*0.125 -> 0 | F37: =+E37/1500 -> 0 | G37: =+D37/0.0125*0.000318 -> 0 | I37: =+H37*3.276 -> 0 | J37: =+I37/0.0185*0.185 -> 0 | K37: =+J37/1500 -> 0 | L37: =+I37/0.0185*0.000318 -> 0 | N37: =+M37*3.276 -> 0 | O37: =+N37/0.0185*0.185 -> 0 | P37: =+O37/1500 -> 0 | Q37: =+N37/0.0185*0.000318 -> 0 | S37: =+R37*3.276 -> 0 | T37: =+S37/0.0185*0.185 -> 0 | U37: =+T37/1500 -> 0 | V37: =+S37/0.0185*0.000318 -> 0 | X37: =+W37*2.4 -> 0 | Z37: =IFERROR((D37/'REKAPAN OKEY AYAM'!$AC7),"-") -> - | AA37: =IFERROR((I37/'REKAPAN CHAMP AYAM'!$AC7),"-") -> - | AB37: =IFERROR((N37/'REKAPAN CHAMP SAPI'!AC7),"-") -> - | AC37: =IFERROR((S37/'REKAPAN CHAMP OTAK-OTAK'!AC7),"-") -> - | AD37: =IFERROR((X37/'REKAPAN FIESTA'!AC7),"-") -> - | AF37: =IFERROR(((D37/0.0125*0.125)/F37),"-") -> - | AG37: =IFERROR(((D37/0.0125*0.000318)/#REF!),"-") -> - | AH37: =IFERROR(((I37/0.0185*0.185)/K37),"-") -> - | AI37: =IFERROR(((I37/0.0185*0.000318)/#REF!),"-") -> - | AJ37: =IFERROR(((N37/0.0185*0.185)/P37),"-") -> - | AK37: =IFERROR(((N37/0.0185*0.000318)/#REF!),"-") -> - | AL37: =IFERROR(((S37/0.0185*0.185)/U37),"-") -> - | AM37: =IFERROR(((S37/0.0185*0.000318)/#REF!),"-") -> - | AQ37: =IFERROR(('REKAPAN OKEY AYAM'!$AD7),"-") -> - | AR37: =IFERROR(('REKAPAN CHAMP AYAM'!$AD7),"-") -> - | AS37: =IFERROR(('REKAPAN CHAMP SAPI'!$AD7),"-") -> - | AT37: =IFERROR(('REKAPAN CHAMP OTAK-OTAK'!$AD7),"-") -> - | AU37: =IFERROR(('REKAPAN FIESTA'!$AD7),"-") -> -
A38: =+$A37 -> 46207 | D38: =+C38*3.875 -> 0 | E38: =+D38/0.0125*0.125 -> 0 | F38: =+E38/1500 -> 0 | G38: =+D38/0.0125*0.000318 -> 0 | I38: =+H38*3.276 -> 0 | J38: =+I38/0.0185*0.185 -> 0 | K38: =+J38/1500 -> 0 | L38: =+I38/0.0185*0.000318 -> 0 | N38: =+M38*3.276 -> 0 | O38: =+N38/0.0185*0.185 -> 0 | P38: =+O38/1500 -> 0 | Q38: =+N38/0.0185*0.000318 -> 0 | S38: =+R38*3.276 -> 0 | T38: =+S38/0.0185*0.185 -> 0 | U38: =+T38/1500 -> 0 | V38: =+S38/0.0185*0.000318 -> 0
A39: =+$A38 -> 46207 | D39: =+C39*3.875 -> 0 | E39: =+D39/0.0125*0.125 -> 0 | F39: =+E39/1500 -> 0 | G39: =+D39/0.0125*0.000318 -> 0 | I39: =+H39*3.276 -> 0 | J39: =+I39/0.0185*0.185 -> 0 | K39: =+J39/1500 -> 0 | L39: =+I39/0.0185*0.000318 -> 0 | N39: =+M39*3.276 -> 0 | O39: =+N39/0.0185*0.185 -> 0 | P39: =+O39/1500 -> 0 | Q39: =+N39/0.0185*0.000318 -> 0 | S39: =+R39*3.276 -> 0 | T39: =+S39/0.0185*0.185 -> 0 | U39: =+T39/1500 -> 0 | V39: =+S39/0.0185*0.000318 -> 0
A40: =+$A39 -> 46207 | D40: =+C40*3.875 -> 0 | E40: =+D40/0.0125*0.125 -> 0 | F40: =+E40/1500 -> 0 | G40: =+D40/0.0125*0.000318 -> 0 | I40: =+H40*3.276 -> 0 | J40: =+I40/0.0185*0.185 -> 0 | K40: =+J40/1500 -> 0 | L40: =+I40/0.0185*0.000318 -> 0 | N40: =+M40*3.276 -> 0 | O40: =+N40/0.0185*0.185 -> 0 | P40: =+O40/1500 -> 0 | Q40: =+N40/0.0185*0.000318 -> 0 | S40: =+R40*3.276 -> 0 | T40: =+S40/0.0185*0.185 -> 0 | U40: =+T40/1500 -> 0 | V40: =+S40/0.0185*0.000318 -> 0
A41: =+$A40 -> 46207 | D41: =+C41*3.875 -> 0 | E41: =+D41/0.0125*0.125 -> 0 | F41: =+E41/1500 -> 0 | G41: =+D41/0.0125*0.000318 -> 0 | I41: =+H41*3.276 -> 0 | J41: =+I41/0.0185*0.185 -> 0 | K41: =+J41/1500 -> 0 | L41: =+I41/0.0185*0.000318 -> 0 | N41: =+M41*3.276 -> 0 | O41: =+N41/0.0185*0.185 -> 0 | P41: =+O41/1500 -> 0 | Q41: =+N41/0.0185*0.000318 -> 0 | S41: =+R41*3.276 -> 0 | T41: =+S41/0.0185*0.185 -> 0 | U41: =+T41/1500 -> 0 | V41: =+S41/0.0185*0.000318 -> 0
A42: =+$A41 -> 46207 | D42: =+C42*3.875 -> 0 | E42: =+D42/0.0125*0.125 -> 0 | F42: =+E42/1500 -> 0 | G42: =+D42/0.0125*0.000318 -> 0 | I42: =+H42*3.276 -> 0 | J42: =+I42/0.0185*0.185 -> 0 | K42: =+J42/1500 -> 0 | L42: =+I42/0.0185*0.000318 -> 0 | N42: =+M42*3.276 -> 0 | O42: =+N42/0.0185*0.185 -> 0 | P42: =+O42/1500 -> 0 | Q42: =+N42/0.0185*0.000318 -> 0 | S42: =+R42*3.276 -> 0 | T42: =+S42/0.0185*0.185 -> 0 | U42: =+T42/1500 -> 0 | V42: =+S42/0.0185*0.000318 -> 0
A43: =+$A42 -> 46207 | D43: =+C43*3.875 -> 0 | E43: =+D43/0.0125*0.125 -> 0 | F43: =+E43/1500 -> 0 | G43: =+D43/0.0125*0.000318 -> 0 | I43: =+H43*3.276 -> 0 | J43: =+I43/0.0185*0.185 -> 0 | K43: =+J43/1500 -> 0 | L43: =+I43/0.0185*0.000318 -> 0 | N43: =+M43*3.276 -> 0 | O43: =+N43/0.0185*0.185 -> 0 | P43: =+O43/1500 -> 0 | Q43: =+N43/0.0185*0.000318 -> 0 | S43: =+R43*3.276 -> 0 | T43: =+S43/0.0185*0.185 -> 0 | U43: =+T43/1500 -> 0 | V43: =+S43/0.0185*0.000318 -> 0
A44: =+$A43 -> 46207 | D44: =+C44*3.875 -> 0 | E44: =+D44/0.0125*0.125 -> 0 | F44: =+E44/1500 -> 0 | G44: =+D44/0.0125*0.000318 -> 0 | I44: =+H44*3.276 -> 0 | J44: =+I44/0.0185*0.185 -> 0 | K44: =+J44/1500 -> 0 | L44: =+I44/0.0185*0.000318 -> 0 | N44: =+M44*3.276 -> 0 | O44: =+N44/0.0185*0.185 -> 0 | P44: =+O44/1500 -> 0 | Q44: =+N44/0.0185*0.000318 -> 0 | S44: =+R44*3.276 -> 0 | T44: =+S44/0.0185*0.185 -> 0 | U44: =+T44/1500 -> 0 | V44: =+S44/0.0185*0.000318 -> 0
A45: =+$A44 -> 46207 | D45: =+C45*3.875 -> 0 | E45: =+D45/0.0125*0.125 -> 0 | F45: =+E45/1500 -> 0 | G45: =+D45/0.0125*0.000318 -> 0 | I45: =+H45*3.276 -> 0 | J45: =+I45/0.0185*0.185 -> 0 | K45: =+J45/1500 -> 0 | L45: =+I45/0.0185*0.000318 -> 0 | N45: =+M45*3.276 -> 0 | O45: =+N45/0.0185*0.185 -> 0 | P45: =+O45/1500 -> 0 | Q45: =+N45/0.0185*0.000318 -> 0 | S45: =+R45*3.276 -> 0 | T45: =+S45/0.0185*0.185 -> 0 | U45: =+T45/1500 -> 0 | V45: =+S45/0.0185*0.000318 -> 0
A46: =+$A45 -> 46207 | D46: =+C46*3.875 -> 0 | E46: =+D46/0.0125*0.125 -> 0 | F46: =+E46/1500 -> 0 | G46: =+D46/0.0125*0.000318 -> 0 | I46: =+H46*3.276 -> 0 | J46: =+I46/0.0185*0.185 -> 0 | K46: =+J46/1500 -> 0 | L46: =+I46/0.0185*0.000318 -> 0 | N46: =+M46*3.276 -> 0 | O46: =+N46/0.0185*0.185 -> 0 | P46: =+O46/1500 -> 0 | Q46: =+N46/0.0185*0.000318 -> 0 | S46: =+R46*3.276 -> 0 | T46: =+S46/0.0185*0.185 -> 0 | U46: =+T46/1500 -> 0 | V46: =+S46/0.0185*0.000318 -> 0
B47: TOTAL | C47: =SUM(C37:C46) -> 0 | D47: =+C47*3.875 -> 0 | E47: =SUM(E37:E46) -> 0 | F47: =SUM(F37:F46) -> 0 | G47: =SUM(G37:G46) -> 0 | H47: =SUM(H37:H46) -> 0 | I47: =+H47*3.276 -> 0 | J47: =SUM(J37:J46) -> 0 | K47: =SUM(K37:K46) -> 0 | L47: =SUM(L37:L46) -> 0 | M47: =SUM(M37:M46) -> 0 | N47: =+M47*3.276 -> 0 | O47: =SUM(O37:O46) -> 0 | P47: =SUM(P37:P46) -> 0 | Q47: =SUM(Q37:Q46) -> 0 | R47: =SUM(R37:R46) -> 0 | S47: =+R47*3.276 -> 0 | T47: =SUM(T37:T46) -> 0 | U47: =SUM(U37:U46) -> 0 | V47: =SUM(V37:V46) -> 0
A48: =+A37+1 -> 46208 | D48: =+C48*3.875 -> 0 | E48: =+D48/0.0125*0.125 -> 0 | F48: =+E48/1500 -> 0 | G48: =+D48/0.0125*0.000318 -> 0 | I48: =+H48*3.276 -> 0 | J48: =+I48/0.0185*0.185 -> 0 | K48: =+J48/1500 -> 0 | L48: =+I48/0.0185*0.000318 -> 0 | N48: =+M48*3.276 -> 0 | O48: =+N48/0.0185*0.185 -> 0 | P48: =+O48/1500 -> 0 | Q48: =+N48/0.0185*0.000318 -> 0 | S48: =+R48*3.276 -> 0 | T48: =+S48/0.0185*0.185 -> 0 | U48: =+T48/1500 -> 0 | V48: =+S48/0.0185*0.000318 -> 0 | X48: =+W48*2.4 -> 0 | Z48: =IFERROR((D48/'REKAPAN OKEY AYAM'!$AC8),"-") -> - | AA48: =IFERROR((I48/'REKAPAN CHAMP AYAM'!$AC8),"-") -> - | AB48: =IFERROR((N48/'REKAPAN CHAMP SAPI'!AC8),"-") -> - | AC48: =IFERROR((S48/'REKAPAN CHAMP OTAK-OTAK'!AC8),"-") -> - | AD48: =IFERROR((X48/'REKAPAN FIESTA'!AC8),"-") -> - | AF48: =IFERROR(((D48/0.0125*0.125)/F48),"-") -> - | AG48: =IFERROR(((D48/0.0125*0.000318)/#REF!),"-") -> - | AH48: =IFERROR(((I48/0.0185*0.185)/K48),"-") -> - | AI48: =IFERROR(((I48/0.0185*0.000318)/#REF!),"-") -> - | AJ48: =IFERROR(((N48/0.0185*0.185)/P48),"-") -> - | AK48: =IFERROR(((N48/0.0185*0.000318)/#REF!),"-") -> - | AL48: =IFERROR(((S48/0.0185*0.185)/U48),"-") -> - | AM48: =IFERROR(((S48/0.0185*0.000318)/#REF!),"-") -> - | AQ48: =IFERROR(('REKAPAN OKEY AYAM'!$AD8),"-") -> - | AR48: =IFERROR(('REKAPAN CHAMP AYAM'!$AD8),"-") -> - | AS48: =IFERROR(('REKAPAN CHAMP SAPI'!$AD8),"-") -> - | AT48: =IFERROR(('REKAPAN CHAMP OTAK-OTAK'!$AD8),"-") -> - | AU48: =IFERROR(('REKAPAN FIESTA'!$AD8),"-") -> -
A49: =+$A48 -> 46208 | D49: =+C49*3.875 -> 0 | E49: =+D49/0.0125*0.125 -> 0 | F49: =+E49/1500 -> 0 | G49: =+D49/0.0125*0.000318 -> 0 | I49: =+H49*3.276 -> 0 | J49: =+I49/0.0185*0.185 -> 0 | K49: =+J49/1500 -> 0 | L49: =+I49/0.0185*0.000318 -> 0 | N49: =+M49*3.276 -> 0 | O49: =+N49/0.0185*0.185 -> 0 | P49: =+O49/1500 -> 0 | Q49: =+N49/0.0185*0.000318 -> 0 | S49: =+R49*3.276 -> 0 | T49: =+S49/0.0185*0.185 -> 0 | U49: =+T49/1500 -> 0 | V49: =+S49/0.0185*0.000318 -> 0
A50: =+$A49 -> 46208 | D50: =+C50*3.875 -> 0 | E50: =+D50/0.0125*0.125 -> 0 | F50: =+E50/1500 -> 0 | G50: =+D50/0.0125*0.000318 -> 0 | I50: =+H50*3.276 -> 0 | J50: =+I50/0.0185*0.185 -> 0 | K50: =+J50/1500 -> 0 | L50: =+I50/0.0185*0.000318 -> 0 | N50: =+M50*3.276 -> 0 | O50: =+N50/0.0185*0.185 -> 0 | P50: =+O50/1500 -> 0 | Q50: =+N50/0.0185*0.000318 -> 0 | S50: =+R50*3.276 -> 0 | T50: =+S50/0.0185*0.185 -> 0 | U50: =+T50/1500 -> 0 | V50: =+S50/0.0185*0.000318 -> 0
A51: =+$A50 -> 46208 | D51: =+C51*3.875 -> 0 | E51: =+D51/0.0125*0.125 -> 0 | F51: =+E51/1500 -> 0 | G51: =+D51/0.0125*0.000318 -> 0 | I51: =+H51*3.276 -> 0 | J51: =+I51/0.0185*0.185 -> 0 | K51: =+J51/1500 -> 0 | L51: =+I51/0.0185*0.000318 -> 0 | N51: =+M51*3.276 -> 0 | O51: =+N51/0.0185*0.185 -> 0 | P51: =+O51/1500 -> 0 | Q51: =+N51/0.0185*0.000318 -> 0 | S51: =+R51*3.276 -> 0 | T51: =+S51/0.0185*0.185 -> 0 | U51: =+T51/1500 -> 0 | V51: =+S51/0.0185*0.000318 -> 0
A52: =+$A51 -> 46208 | D52: =+C52*3.875 -> 0 | E52: =+D52/0.0125*0.125 -> 0 | F52: =+E52/1500 -> 0 | G52: =+D52/0.0125*0.000318 -> 0 | I52: =+H52*3.276 -> 0 | J52: =+I52/0.0185*0.185 -> 0 | K52: =+J52/1500 -> 0 | L52: =+I52/0.0185*0.000318 -> 0 | N52: =+M52*3.276 -> 0 | O52: =+N52/0.0185*0.185 -> 0 | P52: =+O52/1500 -> 0 | Q52: =+N52/0.0185*0.000318 -> 0 | S52: =+R52*3.276 -> 0 | T52: =+S52/0.0185*0.185 -> 0 | U52: =+T52/1500 -> 0 | V52: =+S52/0.0185*0.000318 -> 0
A53: =+$A52 -> 46208 | D53: =+C53*3.875 -> 0 | E53: =+D53/0.0125*0.125 -> 0 | F53: =+E53/1500 -> 0 | G53: =+D53/0.0125*0.000318 -> 0 | I53: =+H53*3.276 -> 0 | J53: =+I53/0.0185*0.185 -> 0 | K53: =+J53/1500 -> 0 | L53: =+I53/0.0185*0.000318 -> 0 | N53: =+M53*3.276 -> 0 | O53: =+N53/0.0185*0.185 -> 0 | P53: =+O53/1500 -> 0 | Q53: =+N53/0.0185*0.000318 -> 0 | S53: =+R53*3.276 -> 0 | T53: =+S53/0.0185*0.185 -> 0 | U53: =+T53/1500 -> 0 | V53: =+S53/0.0185*0.000318 -> 0
A54: =+$A53 -> 46208 | D54: =+C54*3.875 -> 0 | E54: =+D54/0.0125*0.125 -> 0 | F54: =+E54/1500 -> 0 | G54: =+D54/0.0125*0.000318 -> 0 | I54: =+H54*3.276 -> 0 | J54: =+I54/0.0185*0.185 -> 0 | K54: =+J54/1500 -> 0 | L54: =+I54/0.0185*0.000318 -> 0 | N54: =+M54*3.276 -> 0 | O54: =+N54/0.0185*0.185 -> 0 | P54: =+O54/1500 -> 0 | Q54: =+N54/0.0185*0.000318 -> 0 | S54: =+R54*3.276 -> 0 | T54: =+S54/0.0185*0.185 -> 0 | U54: =+T54/1500 -> 0 | V54: =+S54/0.0185*0.000318 -> 0
A55: =+$A54 -> 46208 | D55: =+C55*3.875 -> 0 | E55: =+D55/0.0125*0.125 -> 0 | F55: =+E55/1500 -> 0 | G55: =+D55/0.0125*0.000318 -> 0 | I55: =+H55*3.276 -> 0 | J55: =+I55/0.0185*0.185 -> 0 | K55: =+J55/1500 -> 0 | L55: =+I55/0.0185*0.000318 -> 0 | N55: =+M55*3.276 -> 0 | O55: =+N55/0.0185*0.185 -> 0 | P55: =+O55/1500 -> 0 | Q55: =+N55/0.0185*0.000318 -> 0 | S55: =+R55*3.276 -> 0 | T55: =+S55/0.0185*0.185 -> 0 | U55: =+T55/1500 -> 0 | V55: =+S55/0.0185*0.000318 -> 0
A56: =+$A55 -> 46208 | D56: =+C56*3.875 -> 0 | E56: =+D56/0.0125*0.125 -> 0 | F56: =+E56/1500 -> 0 | G56: =+D56/0.0125*0.000318 -> 0 | I56: =+H56*3.276 -> 0 | J56: =+I56/0.0185*0.185 -> 0 | K56: =+J56/1500 -> 0 | L56: =+I56/0.0185*0.000318 -> 0 | N56: =+M56*3.276 -> 0 | O56: =+N56/0.0185*0.185 -> 0 | P56: =+O56/1500 -> 0 | Q56: =+N56/0.0185*0.000318 -> 0 | S56: =+R56*3.276 -> 0 | T56: =+S56/0.0185*0.185 -> 0 | U56: =+T56/1500 -> 0 | V56: =+S56/0.0185*0.000318 -> 0
A57: =+$A56 -> 46208 | D57: =+C57*3.875 -> 0 | E57: =+D57/0.0125*0.125 -> 0 | F57: =+E57/1500 -> 0 | G57: =+D57/0.0125*0.000318 -> 0 | I57: =+H57*3.276 -> 0 | J57: =+I57/0.0185*0.185 -> 0 | K57: =+J57/1500 -> 0 | L57: =+I57/0.0185*0.000318 -> 0 | N57: =+M57*3.276 -> 0 | O57: =+N57/0.0185*0.185 -> 0 | P57: =+O57/1500 -> 0 | Q57: =+N57/0.0185*0.000318 -> 0 | S57: =+R57*3.276 -> 0 | T57: =+S57/0.0185*0.185 -> 0 | U57: =+T57/1500 -> 0 | V57: =+S57/0.0185*0.000318 -> 0
B58: TOTAL | C58: =SUM(C48:C57) -> 0 | D58: =+C58*3.875 -> 0 | E58: =SUM(E48:E57) -> 0 | F58: =SUM(F48:F57) -> 0 | G58: =SUM(G48:G57) -> 0 | H58: =SUM(H48:H57) -> 0 | I58: =+H58*3.276 -> 0 | J58: =SUM(J48:J57) -> 0 | K58: =SUM(K48:K57) -> 0 | L58: =SUM(L48:L57) -> 0 | M58: =SUM(M48:M57) -> 0 | N58: =+M58*3.276 -> 0 | O58: =SUM(O48:O57) -> 0 | P58: =SUM(P48:P57) -> 0 | Q58: =SUM(Q48:Q57) -> 0 | R58: =SUM(R48:R57) -> 0 | S58: =+R58*3.276 -> 0 | T58: =SUM(T48:T57) -> 0 | U58: =SUM(U48:U57) -> 0 | V58: =SUM(V48:V57) -> 0
A59: =+A48+1 -> 46209 | B59: QG06701 | C59: 386 | D59: =+C59*3.875 -> 1495.75 | E59: =+D59/0.0125*0.125 -> 14957.5 | F59: =+E59/1500 -> 9.9716667 | G59: =+D59/0.0125*0.000318 -> 38.05188 | I59: =+H59*3.276 -> 0 | J59: =+I59/0.0185*0.185 -> 0 | K59: =+J59/1500 -> 0 | L59: =+I59/0.0185*0.000318 -> 0 | N59: =+M59*3.276 -> 0 | O59: =+N59/0.0185*0.185 -> 0 | P59: =+O59/1500 -> 0 | Q59: =+N59/0.0185*0.000318 -> 0 | S59: =+R59*3.276 -> 0 | T59: =+S59/0.0185*0.185 -> 0 | U59: =+T59/1500 -> 0 | V59: =+S59/0.0185*0.000318 -> 0 | X59: =+W59*2.4 -> 0 | Z59: =IFERROR((D59/'REKAPAN OKEY AYAM'!$AC9),"-") -> 0.94746877 | AA59: =IFERROR((I59/'REKAPAN CHAMP AYAM'!$AC9),"-") -> - | AB59: =IFERROR((N59/'REKAPAN CHAMP SAPI'!AC9),"-") -> - | AC59: =IFERROR((S59/'REKAPAN CHAMP OTAK-OTAK'!AC9),"-") -> - | AD59: =IFERROR((X59/'REKAPAN FIESTA'!AC9),"-") -> - | AF59: =IFERROR(((D59/0.0125*0.125)/F59),"-") -> 1500 | AG59: =IFERROR(((D59/0.0125*0.000318)/#REF!),"-") -> - | AH59: =IFERROR(((I59/0.0185*0.185)/K59),"-") -> - | AI59: =IFERROR(((I59/0.0185*0.000318)/#REF!),"-") -> - | AJ59: =IFERROR(((N59/0.0185*0.185)/P59),"-") -> - | AK59: =IFERROR(((N59/0.0185*0.000318)/#REF!),"-") -> - | AL59: =IFERROR(((S59/0.0185*0.185)/U59),"-") -> - | AM59: =IFERROR(((S59/0.0185*0.000318)/#REF!),"-") -> - | AQ59: =IFERROR(('REKAPAN OKEY AYAM'!$AD9),"-") -> 0.92783211 | AR59: =IFERROR(('REKAPAN CHAMP AYAM'!$AD9),"-") -> - | AS59: =IFERROR(('REKAPAN CHAMP SAPI'!$AD9),"-") -> - | AT59: =IFERROR(('REKAPAN CHAMP OTAK-OTAK'!$AD9),"-") -> - | AU59: =IFERROR(('REKAPAN FIESTA'!$AD9),"-") -> -
A60: =+$A59 -> 46209 | D60: =+C60*3.875 -> 0 | E60: =+D60/0.0125*0.125 -> 0 | F60: =+E60/1500 -> 0 | G60: =+D60/0.0125*0.000318 -> 0 | I60: =+H60*3.276 -> 0 | J60: =+I60/0.0185*0.185 -> 0 | K60: =+J60/1500 -> 0 | L60: =+I60/0.0185*0.000318 -> 0 | N60: =+M60*3.276 -> 0 | O60: =+N60/0.0185*0.185 -> 0 | P60: =+O60/1500 -> 0 | Q60: =+N60/0.0185*0.000318 -> 0 | S60: =+R60*3.276 -> 0 | T60: =+S60/0.0185*0.185 -> 0 | U60: =+T60/1500 -> 0 | V60: =+S60/0.0185*0.000318 -> 0
A61: =+$A60 -> 46209 | D61: =+C61*3.875 -> 0 | E61: =+D61/0.0125*0.125 -> 0 | F61: =+E61/1500 -> 0 | G61: =+D61/0.0125*0.000318 -> 0 | I61: =+H61*3.276 -> 0 | J61: =+I61/0.0185*0.185 -> 0 | K61: =+J61/1500 -> 0 | L61: =+I61/0.0185*0.000318 -> 0 | N61: =+M61*3.276 -> 0 | O61: =+N61/0.0185*0.185 -> 0 | P61: =+O61/1500 -> 0 | Q61: =+N61/0.0185*0.000318 -> 0 | S61: =+R61*3.276 -> 0 | T61: =+S61/0.0185*0.185 -> 0 | U61: =+T61/1500 -> 0 | V61: =+S61/0.0185*0.000318 -> 0
A62: =+$A61 -> 46209 | D62: =+C62*3.875 -> 0 | E62: =+D62/0.0125*0.125 -> 0 | F62: =+E62/1500 -> 0 | G62: =+D62/0.0125*0.000318 -> 0 | I62: =+H62*3.276 -> 0 | J62: =+I62/0.0185*0.185 -> 0 | K62: =+J62/1500 -> 0 | L62: =+I62/0.0185*0.000318 -> 0 | N62: =+M62*3.276 -> 0 | O62: =+N62/0.0185*0.185 -> 0 | P62: =+O62/1500 -> 0 | Q62: =+N62/0.0185*0.000318 -> 0 | S62: =+R62*3.276 -> 0 | T62: =+S62/0.0185*0.185 -> 0 | U62: =+T62/1500 -> 0 | V62: =+S62/0.0185*0.000318 -> 0
A63: =+$A62 -> 46209 | D63: =+C63*3.875 -> 0 | E63: =+D63/0.0125*0.125 -> 0 | F63: =+E63/1500 -> 0 | G63: =+D63/0.0125*0.000318 -> 0 | I63: =+H63*3.276 -> 0 | J63: =+I63/0.0185*0.185 -> 0 | K63: =+J63/1500 -> 0 | L63: =+I63/0.0185*0.000318 -> 0 | N63: =+M63*3.276 -> 0 | O63: =+N63/0.0185*0.185 -> 0 | P63: =+O63/1500 -> 0 | Q63: =+N63/0.0185*0.000318 -> 0 | S63: =+R63*3.276 -> 0 | T63: =+S63/0.0185*0.185 -> 0 | U63: =+T63/1500 -> 0 | V63: =+S63/0.0185*0.000318 -> 0
A64: =+$A63 -> 46209 | D64: =+C64*3.875 -> 0 | E64: =+D64/0.0125*0.125 -> 0 | F64: =+E64/1500 -> 0 | G64: =+D64/0.0125*0.000318 -> 0 | I64: =+H64*3.276 -> 0 | J64: =+I64/0.0185*0.185 -> 0 | K64: =+J64/1500 -> 0 | L64: =+I64/0.0185*0.000318 -> 0 | N64: =+M64*3.276 -> 0 | O64: =+N64/0.0185*0.185 -> 0 | P64: =+O64/1500 -> 0 | Q64: =+N64/0.0185*0.000318 -> 0 | S64: =+R64*3.276 -> 0 | T64: =+S64/0.0185*0.185 -> 0 | U64: =+T64/1500 -> 0 | V64: =+S64/0.0185*0.000318 -> 0
A65: =+$A64 -> 46209 | D65: =+C65*3.875 -> 0 | E65: =+D65/0.0125*0.125 -> 0 | F65: =+E65/1500 -> 0 | G65: =+D65/0.0125*0.000318 -> 0 | I65: =+H65*3.276 -> 0 | J65: =+I65/0.0185*0.185 -> 0 | K65: =+J65/1500 -> 0 | L65: =+I65/0.0185*0.000318 -> 0 | N65: =+M65*3.276 -> 0 | O65: =+N65/0.0185*0.185 -> 0 | P65: =+O65/1500 -> 0 | Q65: =+N65/0.0185*0.000318 -> 0 | S65: =+R65*3.276 -> 0 | T65: =+S65/0.0185*0.185 -> 0 | U65: =+T65/1500 -> 0 | V65: =+S65/0.0185*0.000318 -> 0
A66: =+$A65 -> 46209 | D66: =+C66*3.875 -> 0 | E66: =+D66/0.0125*0.125 -> 0 | F66: =+E66/1500 -> 0 | G66: =+D66/0.0125*0.000318 -> 0 | I66: =+H66*3.276 -> 0 | J66: =+I66/0.0185*0.185 -> 0 | K66: =+J66/1500 -> 0 | L66: =+I66/0.0185*0.000318 -> 0 | N66: =+M66*3.276 -> 0 | O66: =+N66/0.0185*0.185 -> 0 | P66: =+O66/1500 -> 0 | Q66: =+N66/0.0185*0.000318 -> 0 | S66: =+R66*3.276 -> 0 | T66: =+S66/0.0185*0.185 -> 0 | U66: =+T66/1500 -> 0 | V66: =+S66/0.0185*0.000318 -> 0
A67: =+$A66 -> 46209 | D67: =+C67*3.875 -> 0 | E67: =+D67/0.0125*0.125 -> 0 | F67: =+E67/1500 -> 0 | G67: =+D67/0.0125*0.000318 -> 0 | I67: =+H67*3.276 -> 0 | J67: =+I67/0.0185*0.185 -> 0 | K67: =+J67/1500 -> 0 | L67: =+I67/0.0185*0.000318 -> 0 | N67: =+M67*3.276 -> 0 | O67: =+N67/0.0185*0.185 -> 0 | P67: =+O67/1500 -> 0 | Q67: =+N67/0.0185*0.000318 -> 0 | S67: =+R67*3.276 -> 0 | T67: =+S67/0.0185*0.185 -> 0 | U67: =+T67/1500 -> 0 | V67: =+S67/0.0185*0.000318 -> 0
A68: =+$A67 -> 46209 | D68: =+C68*3.875 -> 0 | E68: =+D68/0.0125*0.125 -> 0 | F68: =+E68/1500 -> 0 | G68: =+D68/0.0125*0.000318 -> 0 | I68: =+H68*3.276 -> 0 | J68: =+I68/0.0185*0.185 -> 0 | K68: =+J68/1500 -> 0 | L68: =+I68/0.0185*0.000318 -> 0 | N68: =+M68*3.276 -> 0 | O68: =+N68/0.0185*0.185 -> 0 | P68: =+O68/1500 -> 0 | Q68: =+N68/0.0185*0.000318 -> 0 | S68: =+R68*3.276 -> 0 | T68: =+S68/0.0185*0.185 -> 0 | U68: =+T68/1500 -> 0 | V68: =+S68/0.0185*0.000318 -> 0
B69: TOTAL | C69: =SUM(C59:C68) -> 386 | D69: =+C69*3.875 -> 1495.75 | E69: =SUM(E59:E68) -> 14957.5 | F69: =SUM(F59:F68) -> 9.9716667 | G69: =SUM(G59:G68) -> 38.05188 | H69: =SUM(H59:H68) -> 0 | I69: =+H69*3.276 -> 0 | J69: =SUM(J59:J68) -> 0 | K69: =SUM(K59:K68) -> 0 | L69: =SUM(L59:L68) -> 0 | M69: =SUM(M59:M68) -> 0 | N69: =+M69*3.276 -> 0 | O69: =SUM(O59:O68) -> 0 | P69: =SUM(P59:P68) -> 0 | Q69: =SUM(Q59:Q68) -> 0 | R69: =SUM(R59:R68) -> 0 | S69: =+R69*3.276 -> 0 | T69: =SUM(T59:T68) -> 0 | U69: =SUM(U59:U68) -> 0 | V69: =SUM(V59:V68) -> 0
A70: =+A59+1 -> 46210 | B70: QG07701 | C70: 466 | D70: =+C70*3.875 -> 1805.75 | E70: =+D70/0.0125*0.125 -> 18057.5 | F70: =+E70/1500 -> 12.038333 | G70: =+D70/0.0125*0.000318 -> 45.93828 | I70: =+H70*3.276 -> 0 | J70: =+I70/0.0185*0.185 -> 0 | K70: =+J70/1500 -> 0 | L70: =+I70/0.0185*0.000318 -> 0 | N70: =+M70*3.276 -> 0 | O70: =+N70/0.0185*0.185 -> 0 | P70: =+O70/1500 -> 0 | Q70: =+N70/0.0185*0.000318 -> 0 | S70: =+R70*3.276 -> 0 | T70: =+S70/0.0185*0.185 -> 0 | U70: =+T70/1500 -> 0 | V70: =+S70/0.0185*0.000318 -> 0 | X70: =+W70*2.4 -> 0 | Z70: =IFERROR((D70/'REKAPAN OKEY AYAM'!$AC10),"-") -> 0.14297942 | AA70: =IFERROR((I70/'REKAPAN CHAMP AYAM'!$AC10),"-") -> - | AB70: =IFERROR((N70/'REKAPAN CHAMP SAPI'!AC10),"-") -> - | AC70: =IFERROR((S70/'REKAPAN CHAMP OTAK-OTAK'!AC10),"-") -> - | AD70: =IFERROR((X70/'REKAPAN FIESTA'!AC10),"-") -> - | AF70: =IFERROR(((D70/0.0125*0.125)/F70),"-") -> 1500 | AG70: =IFERROR(((D70/0.0125*0.000318)/#REF!),"-") -> - | AH70: =IFERROR(((I70/0.0185*0.185)/K70),"-") -> - | AI70: =IFERROR(((I70/0.0185*0.000318)/#REF!),"-") -> - | AJ70: =IFERROR(((N70/0.0185*0.185)/P70),"-") -> - | AK70: =IFERROR(((N70/0.0185*0.000318)/#REF!),"-") -> - | AL70: =IFERROR(((S70/0.0185*0.185)/U70),"-") -> - | AM70: =IFERROR(((S70/0.0185*0.000318)/#REF!),"-") -> - | AQ70: =IFERROR(('REKAPAN OKEY AYAM'!$AD10),"-") -> 0.98336704 | AR70: =IFERROR(('REKAPAN CHAMP AYAM'!$AD10),"-") -> - | AS70: =IFERROR(('REKAPAN CHAMP SAPI'!$AD10),"-") -> - | AT70: =IFERROR(('REKAPAN CHAMP OTAK-OTAK'!$AD10),"-") -> - | AU70: =IFERROR(('REKAPAN FIESTA'!$AD10),"-") -> -
A71: =+$A70 -> 46210 | B71: QG07702 | C71: 426 | D71: =+C71*3.875 -> 1650.75 | E71: =+D71/0.0125*0.125 -> 16507.5 | F71: =+E71/1500 -> 11.005 | G71: =+D71/0.0125*0.000318 -> 41.99508 | I71: =+H71*3.276 -> 0 | J71: =+I71/0.0185*0.185 -> 0 | K71: =+J71/1500 -> 0 | L71: =+I71/0.0185*0.000318 -> 0 | N71: =+M71*3.276 -> 0 | O71: =+N71/0.0185*0.185 -> 0 | P71: =+O71/1500 -> 0 | Q71: =+N71/0.0185*0.000318 -> 0 | S71: =+R71*3.276 -> 0 | T71: =+S71/0.0185*0.185 -> 0 | U71: =+T71/1500 -> 0 | V71: =+S71/0.0185*0.000318 -> 0
A72: =+$A71 -> 46210 | B72: QG07703 | C72: 435 | D72: =+C72*3.875 -> 1685.625 | E72: =+D72/0.0125*0.125 -> 16856.25 | F72: =+E72/1500 -> 11.2375 | G72: =+D72/0.0125*0.000318 -> 42.8823 | I72: =+H72*3.276 -> 0 | J72: =+I72/0.0185*0.185 -> 0 | K72: =+J72/1500 -> 0 | L72: =+I72/0.0185*0.000318 -> 0 | N72: =+M72*3.276 -> 0 | O72: =+N72/0.0185*0.185 -> 0 | P72: =+O72/1500 -> 0 | Q72: =+N72/0.0185*0.000318 -> 0 | S72: =+R72*3.276 -> 0 | T72: =+S72/0.0185*0.185 -> 0 | U72: =+T72/1500 -> 0 | V72: =+S72/0.0185*0.000318 -> 0
A73: =+$A72 -> 46210 | B73: QG07704 | C73: 436 | D73: =+C73*3.875 -> 1689.5 | E73: =+D73/0.0125*0.125 -> 16895 | F73: =+E73/1500 -> 11.263333 | G73: =+D73/0.0125*0.000318 -> 42.98088 | I73: =+H73*3.276 -> 0 | J73: =+I73/0.0185*0.185 -> 0 | K73: =+J73/1500 -> 0 | L73: =+I73/0.0185*0.000318 -> 0 | N73: =+M73*3.276 -> 0 | O73: =+N73/0.0185*0.185 -> 0 | P73: =+O73/1500 -> 0 | Q73: =+N73/0.0185*0.000318 -> 0 | S73: =+R73*3.276 -> 0 | T73: =+S73/0.0185*0.185 -> 0 | U73: =+T73/1500 -> 0 | V73: =+S73/0.0185*0.000318 -> 0
A74: =+$A73 -> 46210 | B74: QG07705 | C74: 448 | D74: =+C74*3.875 -> 1736 | E74: =+D74/0.0125*0.125 -> 17360 | F74: =+E74/1500 -> 11.573333 | G74: =+D74/0.0125*0.000318 -> 44.16384 | I74: =+H74*3.276 -> 0 | J74: =+I74/0.0185*0.185 -> 0 | K74: =+J74/1500 -> 0 | L74: =+I74/0.0185*0.000318 -> 0 | N74: =+M74*3.276 -> 0 | O74: =+N74/0.0185*0.185 -> 0 | P74: =+O74/1500 -> 0 | Q74: =+N74/0.0185*0.000318 -> 0 | S74: =+R74*3.276 -> 0 | T74: =+S74/0.0185*0.185 -> 0 | U74: =+T74/1500 -> 0 | V74: =+S74/0.0185*0.000318 -> 0
A75: =+$A74 -> 46210 | B75: QG07706 | C75: 401 | D75: =+C75*3.875 -> 1553.875 | E75: =+D75/0.0125*0.125 -> 15538.75 | F75: =+E75/1500 -> 10.359167 | G75: =+D75/0.0125*0.000318 -> 39.53058 | I75: =+H75*3.276 -> 0 | J75: =+I75/0.0185*0.185 -> 0 | K75: =+J75/1500 -> 0 | L75: =+I75/0.0185*0.000318 -> 0 | N75: =+M75*3.276 -> 0 | O75: =+N75/0.0185*0.185 -> 0 | P75: =+O75/1500 -> 0 | Q75: =+N75/0.0185*0.000318 -> 0 | S75: =+R75*3.276 -> 0 | T75: =+S75/0.0185*0.185 -> 0 | U75: =+T75/1500 -> 0 | V75: =+S75/0.0185*0.000318 -> 0
A76: =+$A75 -> 46210 | B76: QG07707 | C76: 226 | D76: =+C76*3.875 -> 875.75 | E76: =+D76/0.0125*0.125 -> 8757.5 | F76: =+E76/1500 -> 5.8383333 | G76: =+D76/0.0125*0.000318 -> 22.27908 | I76: =+H76*3.276 -> 0 | J76: =+I76/0.0185*0.185 -> 0 | K76: =+J76/1500 -> 0 | L76: =+I76/0.0185*0.000318 -> 0 | N76: =+M76*3.276 -> 0 | O76: =+N76/0.0185*0.185 -> 0 | P76: =+O76/1500 -> 0 | Q76: =+N76/0.0185*0.000318 -> 0 | S76: =+R76*3.276 -> 0 | T76: =+S76/0.0185*0.185 -> 0 | U76: =+T76/1500 -> 0 | V76: =+S76/0.0185*0.000318 -> 0
A77: =+$A76 -> 46210 | B77: QG07708 | C77: 459 | D77: =+C77*3.875 -> 1778.625 | E77: =+D77/0.0125*0.125 -> 17786.25 | F77: =+E77/1500 -> 11.8575 | G77: =+D77/0.0125*0.000318 -> 45.24822 | I77: =+H77*3.276 -> 0 | J77: =+I77/0.0185*0.185 -> 0 | K77: =+J77/1500 -> 0 | L77: =+I77/0.0185*0.000318 -> 0 | N77: =+M77*3.276 -> 0 | O77: =+N77/0.0185*0.185 -> 0 | P77: =+O77/1500 -> 0 | Q77: =+N77/0.0185*0.000318 -> 0 | S77: =+R77*3.276 -> 0 | T77: =+S77/0.0185*0.185 -> 0 | U77: =+T77/1500 -> 0 | V77: =+S77/0.0185*0.000318 -> 0
A78: =+$A77 -> 46210 | D78: =+C78*3.875 -> 0 | E78: =+D78/0.0125*0.125 -> 0 | F78: =+E78/1500 -> 0 | G78: =+D78/0.0125*0.000318 -> 0 | I78: =+H78*3.276 -> 0 | J78: =+I78/0.0185*0.185 -> 0 | K78: =+J78/1500 -> 0 | L78: =+I78/0.0185*0.000318 -> 0 | N78: =+M78*3.276 -> 0 | O78: =+N78/0.0185*0.185 -> 0 | P78: =+O78/1500 -> 0 | Q78: =+N78/0.0185*0.000318 -> 0 | S78: =+R78*3.276 -> 0 | T78: =+S78/0.0185*0.185 -> 0 | U78: =+T78/1500 -> 0 | V78: =+S78/0.0185*0.000318 -> 0
A79: =+$A78 -> 46210 | D79: =+C79*3.875 -> 0 | E79: =+D79/0.0125*0.125 -> 0 | F79: =+E79/1500 -> 0 | G79: =+D79/0.0125*0.000318 -> 0 | I79: =+H79*3.276 -> 0 | J79: =+I79/0.0185*0.185 -> 0 | K79: =+J79/1500 -> 0 | L79: =+I79/0.0185*0.000318 -> 0 | N79: =+M79*3.276 -> 0 | O79: =+N79/0.0185*0.185 -> 0 | P79: =+O79/1500 -> 0 | Q79: =+N79/0.0185*0.000318 -> 0 | S79: =+R79*3.276 -> 0 | T79: =+S79/0.0185*0.185 -> 0 | U79: =+T79/1500 -> 0 | V79: =+S79/0.0185*0.000318 -> 0
B80: TOTAL | C80: =SUM(C70:C79) -> 3297 | D80: =+C80*3.875 -> 12775.875 | E80: =SUM(E70:E79) -> 127758.75 | F80: =SUM(F70:F79) -> 85.1725 | G80: =SUM(G70:G79) -> 325.01826 | H80: =SUM(H70:H79) -> 0 | I80: =+H80*3.276 -> 0 | J80: =SUM(J70:J79) -> 0 | K80: =SUM(K70:K79) -> 0 | L80: =SUM(L70:L79) -> 0 | M80: =SUM(M70:M79) -> 0 | N80: =+M80*3.276 -> 0 | O80: =SUM(O70:O79) -> 0 | P80: =SUM(P70:P79) -> 0 | Q80: =SUM(Q70:Q79) -> 0 | R80: =SUM(R70:R79) -> 0 | S80: =+R80*3.276 -> 0 | T80: =SUM(T70:T79) -> 0 | U80: =SUM(U70:U79) -> 0 | V80: =SUM(V70:V79) -> 0
A81: =+A70+1 -> 46211 | B81: QG08701 | C81: 501 | D81: =+C81*3.875 -> 1941.375 | E81: =+D81/0.0125*0.125 -> 19413.75 | F81: =+E81/1500 -> 12.9425 | G81: =+D81/0.0125*0.000318 -> 49.38858 | I81: =+H81*3.276 -> 0 | J81: =+I81/0.0185*0.185 -> 0 | K81: =+J81/1500 -> 0 | L81: =+I81/0.0185*0.000318 -> 0 | N81: =+M81*3.276 -> 0 | O81: =+N81/0.0185*0.185 -> 0 | P81: =+O81/1500 -> 0 | Q81: =+N81/0.0185*0.000318 -> 0 | S81: =+R81*3.276 -> 0 | T81: =+S81/0.0185*0.185 -> 0 | U81: =+T81/1500 -> 0 | V81: =+S81/0.0185*0.000318 -> 0 | X81: =+W81*2.4 -> 0 | Z81: =IFERROR((D81/'REKAPAN OKEY AYAM'!$AC11),"-") -> 0.13663842 | AA81: =IFERROR((I81/'REKAPAN CHAMP AYAM'!$AC11),"-") -> - | AB81: =IFERROR((N81/'REKAPAN CHAMP SAPI'!AC11),"-") -> - | AC81: =IFERROR((S81/'REKAPAN CHAMP OTAK-OTAK'!AC11),"-") -> - | AD81: =IFERROR((X81/'REKAPAN FIESTA'!AC11),"-") -> - | AF81: =IFERROR(((D81/0.0125*0.125)/F81),"-") -> 1500 | AG81: =IFERROR(((D81/0.0125*0.000318)/#REF!),"-") -> - | AH81: =IFERROR(((I81/0.0185*0.185)/K81),"-") -> - | AI81: =IFERROR(((I81/0.0185*0.000318)/#REF!),"-") -> - | AJ81: =IFERROR(((N81/0.0185*0.185)/P81),"-") -> - | AK81: =IFERROR(((N81/0.0185*0.000318)/#REF!),"-") -> - | AL81: =IFERROR(((S81/0.0185*0.185)/U81),"-") -> - | AM81: =IFERROR(((S81/0.0185*0.000318)/#REF!),"-") -> - | AQ81: =IFERROR(('REKAPAN OKEY AYAM'!$AD11),"-") -> 0.98428751 | AR81: =IFERROR(('REKAPAN CHAMP AYAM'!$AD11),"-") -> - | AS81: =IFERROR(('REKAPAN CHAMP SAPI'!$AD11),"-") -> - | AT81: =IFERROR(('REKAPAN CHAMP OTAK-OTAK'!$AD11),"-") -> - | AU81: =IFERROR(('REKAPAN FIESTA'!$AD11),"-") -> -
A82: =+$A81 -> 46211 | B82: QG08702 | C82: 483 | D82: =+C82*3.875 -> 1871.625 | E82: =+D82/0.0125*0.125 -> 18716.25 | F82: =+E82/1500 -> 12.4775 | G82: =+D82/0.0125*0.000318 -> 47.61414 | I82: =+H82*3.276 -> 0 | J82: =+I82/0.0185*0.185 -> 0 | K82: =+J82/1500 -> 0 | L82: =+I82/0.0185*0.000318 -> 0 | N82: =+M82*3.276 -> 0 | O82: =+N82/0.0185*0.185 -> 0 | P82: =+O82/1500 -> 0 | Q82: =+N82/0.0185*0.000318 -> 0 | S82: =+R82*3.276 -> 0 | T82: =+S82/0.0185*0.185 -> 0 | U82: =+T82/1500 -> 0 | V82: =+S82/0.0185*0.000318 -> 0
A83: =+$A82 -> 46211 | B83: QG08703 | C83: =576-199 -> 377 | D83: =+C83*3.875 -> 1460.875 | E83: =+D83/0.0125*0.125 -> 14608.75 | F83: =+E83/1500 -> 9.7391667 | G83: =+D83/0.0125*0.000318 -> 37.16466 | I83: =+H83*3.276 -> 0 | J83: =+I83/0.0185*0.185 -> 0 | K83: =+J83/1500 -> 0 | L83: =+I83/0.0185*0.000318 -> 0 | N83: =+M83*3.276 -> 0 | O83: =+N83/0.0185*0.185 -> 0 | P83: =+O83/1500 -> 0 | Q83: =+N83/0.0185*0.000318 -> 0 | S83: =+R83*3.276 -> 0 | T83: =+S83/0.0185*0.185 -> 0 | U83: =+T83/1500 -> 0 | V83: =+S83/0.0185*0.000318 -> 0
A84: =+$A83 -> 46211 | B84: QG08704 | C84: 357 | D84: =+C84*3.875 -> 1383.375 | E84: =+D84/0.0125*0.125 -> 13833.75 | F84: =+E84/1500 -> 9.2225 | G84: =+D84/0.0125*0.000318 -> 35.19306 | I84: =+H84*3.276 -> 0 | J84: =+I84/0.0185*0.185 -> 0 | K84: =+J84/1500 -> 0 | L84: =+I84/0.0185*0.000318 -> 0 | N84: =+M84*3.276 -> 0 | O84: =+N84/0.0185*0.185 -> 0 | P84: =+O84/1500 -> 0 | Q84: =+N84/0.0185*0.000318 -> 0 | S84: =+R84*3.276 -> 0 | T84: =+S84/0.0185*0.185 -> 0 | U84: =+T84/1500 -> 0 | V84: =+S84/0.0185*0.000318 -> 0
A85: =+$A84 -> 46211 | B85: QG08705 | C85: 528 | D85: =+C85*3.875 -> 2046 | E85: =+D85/0.0125*0.125 -> 20460 | F85: =+E85/1500 -> 13.64 | G85: =+D85/0.0125*0.000318 -> 52.05024 | I85: =+H85*3.276 -> 0 | J85: =+I85/0.0185*0.185 -> 0 | K85: =+J85/1500 -> 0 | L85: =+I85/0.0185*0.000318 -> 0 | N85: =+M85*3.276 -> 0 | O85: =+N85/0.0185*0.185 -> 0 | P85: =+O85/1500 -> 0 | Q85: =+N85/0.0185*0.000318 -> 0 | S85: =+R85*3.276 -> 0 | T85: =+S85/0.0185*0.185 -> 0 | U85: =+T85/1500 -> 0 | V85: =+S85/0.0185*0.000318 -> 0
A86: =+$A85 -> 46211 | B86: QG08706 | C86: 474 | D86: =+C86*3.875 -> 1836.75 | E86: =+D86/0.0125*0.125 -> 18367.5 | F86: =+E86/1500 -> 12.245 | G86: =+D86/0.0125*0.000318 -> 46.72692 | I86: =+H86*3.276 -> 0 | J86: =+I86/0.0185*0.185 -> 0 | K86: =+J86/1500 -> 0 | L86: =+I86/0.0185*0.000318 -> 0 | N86: =+M86*3.276 -> 0 | O86: =+N86/0.0185*0.185 -> 0 | P86: =+O86/1500 -> 0 | Q86: =+N86/0.0185*0.000318 -> 0 | S86: =+R86*3.276 -> 0 | T86: =+S86/0.0185*0.185 -> 0 | U86: =+T86/1500 -> 0 | V86: =+S86/0.0185*0.000318 -> 0
A87: =+$A86 -> 46211 | B87: QG08707 | C87: 365 | D87: =+C87*3.875 -> 1414.375 | E87: =+D87/0.0125*0.125 -> 14143.75 | F87: =+E87/1500 -> 9.4291667 | G87: =+D87/0.0125*0.000318 -> 35.9817 | I87: =+H87*3.276 -> 0 | J87: =+I87/0.0185*0.185 -> 0 | K87: =+J87/1500 -> 0 | L87: =+I87/0.0185*0.000318 -> 0 | N87: =+M87*3.276 -> 0 | O87: =+N87/0.0185*0.185 -> 0 | P87: =+O87/1500 -> 0 | Q87: =+N87/0.0185*0.000318 -> 0 | S87: =+R87*3.276 -> 0 | T87: =+S87/0.0185*0.185 -> 0 | U87: =+T87/1500 -> 0 | V87: =+S87/0.0185*0.000318 -> 0
A88: =+$A87 -> 46211 | B88: QG08708 | C88: 185 | D88: =+C88*3.875 -> 716.875 | E88: =+D88/0.0125*0.125 -> 7168.75 | F88: =+E88/1500 -> 4.7791667 | G88: =+D88/0.0125*0.000318 -> 18.2373 | I88: =+H88*3.276 -> 0 | J88: =+I88/0.0185*0.185 -> 0 | K88: =+J88/1500 -> 0 | L88: =+I88/0.0185*0.000318 -> 0 | N88: =+M88*3.276 -> 0 | O88: =+N88/0.0185*0.185 -> 0 | P88: =+O88/1500 -> 0 | Q88: =+N88/0.0185*0.000318 -> 0 | S88: =+R88*3.276 -> 0 | T88: =+S88/0.0185*0.185 -> 0 | U88: =+T88/1500 -> 0 | V88: =+S88/0.0185*0.000318 -> 0
A89: =+$A88 -> 46211 | B89: QG08709 | C89: 453 | D89: =+C89*3.875 -> 1755.375 | E89: =+D89/0.0125*0.125 -> 17553.75 | F89: =+E89/1500 -> 11.7025 | G89: =+D89/0.0125*0.000318 -> 44.65674 | I89: =+H89*3.276 -> 0 | J89: =+I89/0.0185*0.185 -> 0 | K89: =+J89/1500 -> 0 | L89: =+I89/0.0185*0.000318 -> 0 | N89: =+M89*3.276 -> 0 | O89: =+N89/0.0185*0.185 -> 0 | P89: =+O89/1500 -> 0 | Q89: =+N89/0.0185*0.000318 -> 0 | S89: =+R89*3.276 -> 0 | T89: =+S89/0.0185*0.185 -> 0 | U89: =+T89/1500 -> 0 | V89: =+S89/0.0185*0.000318 -> 0
A90: =+$A89 -> 46211 | D90: =+C90*3.875 -> 0 | E90: =+D90/0.0125*0.125 -> 0 | F90: =+E90/1500 -> 0 | G90: =+D90/0.0125*0.000318 -> 0 | I90: =+H90*3.276 -> 0 | J90: =+I90/0.0185*0.185 -> 0 | K90: =+J90/1500 -> 0 | L90: =+I90/0.0185*0.000318 -> 0 | N90: =+M90*3.276 -> 0 | O90: =+N90/0.0185*0.185 -> 0 | P90: =+O90/1500 -> 0 | Q90: =+N90/0.0185*0.000318 -> 0 | S90: =+R90*3.276 -> 0 | T90: =+S90/0.0185*0.185 -> 0 | U90: =+T90/1500 -> 0 | V90: =+S90/0.0185*0.000318 -> 0
B91: TOTAL | C91: =SUM(C81:C90) -> 3723 | D91: =+C91*3.875 -> 14426.625 | E91: =SUM(E81:E90) -> 144266.25 | F91: =SUM(F81:F90) -> 96.1775 | G91: =SUM(G81:G90) -> 367.01334 | H91: =SUM(H81:H90) -> 0 | I91: =+H91*3.276 -> 0 | J91: =SUM(J81:J90) -> 0 | K91: =SUM(K81:K90) -> 0 | L91: =SUM(L81:L90) -> 0 | M91: =SUM(M81:M90) -> 0 | N91: =+M91*3.276 -> 0 | O91: =SUM(O81:O90) -> 0 | P91: =SUM(P81:P90) -> 0 | Q91: =SUM(Q81:Q90) -> 0 | R91: =SUM(R81:R90) -> 0 | S91: =+R91*3.276 -> 0 | T91: =SUM(T81:T90) -> 0 | U91: =SUM(U81:U90) -> 0 | V91: =SUM(V81:V90) -> 0
A92: =+A81+1 -> 46212 | B92: QG09701 | C92: 434 | D92: =+C92*3.875 -> 1681.75 | E92: =+D92/0.0125*0.125 -> 16817.5 | F92: =+E92/1500 -> 11.211667 | G92: =+D92/0.0125*0.000318 -> 42.78372 | I92: =+H92*3.276 -> 0 | J92: =+I92/0.0185*0.185 -> 0 | K92: =+J92/1500 -> 0 | L92: =+I92/0.0185*0.000318 -> 0 | N92: =+M92*3.276 -> 0 | O92: =+N92/0.0185*0.185 -> 0 | P92: =+O92/1500 -> 0 | Q92: =+N92/0.0185*0.000318 -> 0 | S92: =+R92*3.276 -> 0 | T92: =+S92/0.0185*0.185 -> 0 | U92: =+T92/1500 -> 0 | V92: =+S92/0.0185*0.000318 -> 0 | X92: =+W92*2.4 -> 0 | Z92: =IFERROR((D92/'REKAPAN OKEY AYAM'!$AC12),"-") -> 0.11836541 | AA92: =IFERROR((I92/'REKAPAN CHAMP AYAM'!$AC12),"-") -> - | AB92: =IFERROR((N92/'REKAPAN CHAMP SAPI'!AC12),"-") -> - | AC92: =IFERROR((S92/'REKAPAN CHAMP OTAK-OTAK'!AC12),"-") -> - | AD92: =IFERROR((X92/'REKAPAN FIESTA'!AC12),"-") -> - | AF92: =IFERROR(((D92/0.0125*0.125)/F92),"-") -> 1500 | AG92: =IFERROR(((D92/0.0125*0.000318)/#REF!),"-") -> - | AH92: =IFERROR(((I92/0.0185*0.185)/K92),"-") -> - | AI92: =IFERROR(((I92/0.0185*0.000318)/#REF!),"-") -> - | AJ92: =IFERROR(((N92/0.0185*0.185)/P92),"-") -> - | AK92: =IFERROR(((N92/0.0185*0.000318)/#REF!),"-") -> - | AL92: =IFERROR(((S92/0.0185*0.185)/U92),"-") -> - | AM92: =IFERROR(((S92/0.0185*0.000318)/#REF!),"-") -> - | AQ92: =IFERROR(('REKAPAN OKEY AYAM'!$AD12),"-") -> 1.020288 | AR92: =IFERROR(('REKAPAN CHAMP AYAM'!$AD12),"-") -> - | AS92: =IFERROR(('REKAPAN CHAMP SAPI'!$AD12),"-") -> - | AT92: =IFERROR(('REKAPAN CHAMP OTAK-OTAK'!$AD12),"-") -> - | AU92: =IFERROR(('REKAPAN FIESTA'!$AD12),"-") -> -
A93: =+$A92 -> 46212 | B93: QG09702 | C93: 450 | D93: =+C93*3.875 -> 1743.75 | E93: =+D93/0.0125*0.125 -> 17437.5 | F93: =+E93/1500 -> 11.625 | G93: =+D93/0.0125*0.000318 -> 44.361 | I93: =+H93*3.276 -> 0 | J93: =+I93/0.0185*0.185 -> 0 | K93: =+J93/1500 -> 0 | L93: =+I93/0.0185*0.000318 -> 0 | N93: =+M93*3.276 -> 0 | O93: =+N93/0.0185*0.185 -> 0 | P93: =+O93/1500 -> 0 | Q93: =+N93/0.0185*0.000318 -> 0 | S93: =+R93*3.276 -> 0 | T93: =+S93/0.0185*0.185 -> 0 | U93: =+T93/1500 -> 0 | V93: =+S93/0.0185*0.000318 -> 0
A94: =+$A93 -> 46212 | B94: QG09703 | C94: 469 | D94: =+C94*3.875 -> 1817.375 | E94: =+D94/0.0125*0.125 -> 18173.75 | F94: =+E94/1500 -> 12.115833 | G94: =+D94/0.0125*0.000318 -> 46.23402 | I94: =+H94*3.276 -> 0 | J94: =+I94/0.0185*0.185 -> 0 | K94: =+J94/1500 -> 0 | L94: =+I94/0.0185*0.000318 -> 0 | N94: =+M94*3.276 -> 0 | O94: =+N94/0.0185*0.185 -> 0 | P94: =+O94/1500 -> 0 | Q94: =+N94/0.0185*0.000318 -> 0 | S94: =+R94*3.276 -> 0 | T94: =+S94/0.0185*0.185 -> 0 | U94: =+T94/1500 -> 0 | V94: =+S94/0.0185*0.000318 -> 0
A95: =+$A94 -> 46212 | B95: QG09704 | C95: 436 | D95: =+C95*3.875 -> 1689.5 | E95: =+D95/0.0125*0.125 -> 16895 | F95: =+E95/1500 -> 11.263333 | G95: =+D95/0.0125*0.000318 -> 42.98088 | I95: =+H95*3.276 -> 0 | J95: =+I95/0.0185*0.185 -> 0 | K95: =+J95/1500 -> 0 | L95: =+I95/0.0185*0.000318 -> 0 | N95: =+M95*3.276 -> 0 | O95: =+N95/0.0185*0.185 -> 0 | P95: =+O95/1500 -> 0 | Q95: =+N95/0.0185*0.000318 -> 0 | S95: =+R95*3.276 -> 0 | T95: =+S95/0.0185*0.185 -> 0 | U95: =+T95/1500 -> 0 | V95: =+S95/0.0185*0.000318 -> 0
A96: =+$A95 -> 46212 | B96: QG09705 | C96: 490 | D96: =+C96*3.875 -> 1898.75 | E96: =+D96/0.0125*0.125 -> 18987.5 | F96: =+E96/1500 -> 12.658333 | G96: =+D96/0.0125*0.000318 -> 48.3042 | I96: =+H96*3.276 -> 0 | J96: =+I96/0.0185*0.185 -> 0 | K96: =+J96/1500 -> 0 | L96: =+I96/0.0185*0.000318 -> 0 | N96: =+M96*3.276 -> 0 | O96: =+N96/0.0185*0.185 -> 0 | P96: =+O96/1500 -> 0 | Q96: =+N96/0.0185*0.000318 -> 0 | S96: =+R96*3.276 -> 0 | T96: =+S96/0.0185*0.185 -> 0 | U96: =+T96/1500 -> 0 | V96: =+S96/0.0185*0.000318 -> 0
A97: =+$A96 -> 46212 | B97: QG09706 | C97: 446 | D97: =+C97*3.875 -> 1728.25 | E97: =+D97/0.0125*0.125 -> 17282.5 | F97: =+E97/1500 -> 11.521667 | G97: =+D97/0.0125*0.000318 -> 43.96668 | I97: =+H97*3.276 -> 0 | J97: =+I97/0.0185*0.185 -> 0 | K97: =+J97/1500 -> 0 | L97: =+I97/0.0185*0.000318 -> 0 | N97: =+M97*3.276 -> 0 | O97: =+N97/0.0185*0.185 -> 0 | P97: =+O97/1500 -> 0 | Q97: =+N97/0.0185*0.000318 -> 0 | S97: =+R97*3.276 -> 0 | T97: =+S97/0.0185*0.185 -> 0 | U97: =+T97/1500 -> 0 | V97: =+S97/0.0185*0.000318 -> 0
A98: =+$A97 -> 46212 | B98: QG09707 | C98: 427 | D98: =+C98*3.875 -> 1654.625 | E98: =+D98/0.0125*0.125 -> 16546.25 | F98: =+E98/1500 -> 11.030833 | G98: =+D98/0.0125*0.000318 -> 42.09366 | I98: =+H98*3.276 -> 0 | J98: =+I98/0.0185*0.185 -> 0 | K98: =+J98/1500 -> 0 | L98: =+I98/0.0185*0.000318 -> 0 | N98: =+M98*3.276 -> 0 | O98: =+N98/0.0185*0.185 -> 0 | P98: =+O98/1500 -> 0 | Q98: =+N98/0.0185*0.000318 -> 0 | S98: =+R98*3.276 -> 0 | T98: =+S98/0.0185*0.185 -> 0 | U98: =+T98/1500 -> 0 | V98: =+S98/0.0185*0.000318 -> 0
A99: =+$A98 -> 46212 | B99: QG09708 | C99: 310 | D99: =+C99*3.875 -> 1201.25 | E99: =+D99/0.0125*0.125 -> 12012.5 | F99: =+E99/1500 -> 8.0083333 | G99: =+D99/0.0125*0.000318 -> 30.5598 | I99: =+H99*3.276 -> 0 | J99: =+I99/0.0185*0.185 -> 0 | K99: =+J99/1500 -> 0 | L99: =+I99/0.0185*0.000318 -> 0 | N99: =+M99*3.276 -> 0 | O99: =+N99/0.0185*0.185 -> 0 | P99: =+O99/1500 -> 0 | Q99: =+N99/0.0185*0.000318 -> 0 | S99: =+R99*3.276 -> 0 | T99: =+S99/0.0185*0.185 -> 0 | U99: =+T99/1500 -> 0 | V99: =+S99/0.0185*0.000318 -> 0
A100: =+$A99 -> 46212 | B100: QG09709 | C100: 463 | D100: =+C100*3.875 -> 1794.125 | E100: =+D100/0.0125*0.125 -> 17941.25 | F100: =+E100/1500 -> 11.960833 | G100: =+D100/0.0125*0.000318 -> 45.64254 | I100: =+H100*3.276 -> 0 | J100: =+I100/0.0185*0.185 -> 0 | K100: =+J100/1500 -> 0 | L100: =+I100/0.0185*0.000318 -> 0 | N100: =+M100*3.276 -> 0 | O100: =+N100/0.0185*0.185 -> 0 | P100: =+O100/1500 -> 0 | Q100: =+N100/0.0185*0.000318 -> 0 | S100: =+R100*3.276 -> 0 | T100: =+S100/0.0185*0.185 -> 0 | U100: =+T100/1500 -> 0 | V100: =+S100/0.0185*0.000318 -> 0
...

Sheet Actual VS SAP
A2: OKEY
A3: TANGGAL | B3: OKEY | H3: C. AYAM | N3: C. SAPI | T3: C. OTAK2 | Z3: FIESTA | AF3: Batch | AH3: Shift
B4: Actual | D4: SAP | F4: Selisih | H4: Actual | J4: SAP | L4: Selisih | N4: Actual | P4: SAP | R4: Selisih | T4: Actual | V4: SAP | X4: Selisih | Z4: Actual | AB4: SAP | AD4: Selisih
B5: Kg | C5: Batch | D5: Kg | E5: Batch | F5: Kg | G5: Batch | H5: Kg | I5: Batch | J5: Kg | K5: Batch | L5: Kg | M5: Batch | N5: Kg | O5: Batch | P5: Kg | Q5: Batch | R5: Kg | S5: Batch | T5: Kg | U5: Batch | V5: Kg | W5: Batch | X5: Kg | Y5: Batch | Z5: Kg | AA5: Batch | AB5: Kg | AC5: Batch | AD5: Kg | AE5: Batch | AF5: Okey | AG5: Champ
A6: =+'HASIL PROD'!A4 -> 46204 | B6: =SUMIF('HASIL PROD'!$A$4:$A$343,A6,'HASIL PROD'!$D$4:$D$343) -> 10210.625 | C6: 6.5 | D6: 14000.375 | E6: 8.5 | F6: =+B6-D6 -> -3789.75 | G6: =+C6-E6 -> -2 | H6: =SUMIF('HASIL PROD'!$A$4:$A$343,A6,'HASIL PROD'!$I$4:$I$343) -> 1516.788 | I6: 1 | L6: =+H6-J6 -> 1516.788 | M6: =+I6-K6 -> 1 | N6: =SUMIF('HASIL PROD'!$A$4:$A$343,A6,'HASIL PROD'!$N$4:$N$343) -> 0 | R6: =+N6-P6 -> 0 | S6: =+O6-Q6 -> 0 | T6: =SUMIF('HASIL PROD'!$A$4:$A$343,A6,'HASIL PROD'!$S$4:$S$344) -> 0 | X6: =+T6-V6 -> 0 | Y6: =+U6-W6 -> 0 | Z6: =+'HASIL PROD'!X4 -> 0 | AD6: =+Z6-AB6 -> 0 | AE6: =+AA6-AC6 -> 0 | AF6: =+C6 -> 6.5 | AG6: =+I6+O6+U6 -> 1
A7: =+'HASIL PROD'!A15 -> 46205 | B7: =SUMIF('HASIL PROD'!$A$4:$A$343,A7,'HASIL PROD'!$D$4:$D$343) -> 0 | F7: =+B7-D7 -> 0 | G7: =+C7-E7 -> 0 | H7: =SUMIF('HASIL PROD'!$A$4:$A$343,A7,'HASIL PROD'!$I$4:$I$343) -> 14447.16 | I7: 9 | J7: 16802.604 | K7: 10 | L7: =+H7-J7 -> -2355.444 | M7: =+I7-K7 -> -1 | N7: =SUMIF('HASIL PROD'!$A$4:$A$343,A7,'HASIL PROD'!$N$4:$N$343) -> 0 | R7: =+N7-P7 -> 0 | S7: =+O7-Q7 -> 0 | T7: =SUMIF('HASIL PROD'!$A$4:$A$343,A7,'HASIL PROD'!$S$4:$S$344) -> 0 | X7: =+T7-V7 -> 0 | Y7: =+U7-W7 -> 0 | Z7: =+'HASIL PROD'!X15 -> 0 | AD7: =+Z7-AB7 -> 0 | AE7: =+AA7-AC7 -> 0 | AF7: =+C7 -> 0 | AG7: =+I7+O7+U7 -> 9
A8: =+'HASIL PROD'!A26 -> 46206 | B8: =SUMIF('HASIL PROD'!$A$4:$A$343,A8,'HASIL PROD'!$D$4:$D$343) -> 0 | F8: =+B8-D8 -> 0 | G8: =+C8-E8 -> 0 | H8: =SUMIF('HASIL PROD'!$A$4:$A$343,A8,'HASIL PROD'!$I$4:$I$343) -> 14155.596 | I8: 8 | J8: 16805.88 | K8: 10 | L8: =+H8-J8 -> -2650.284 | M8: =+I8-K8 -> -2 | N8: =SUMIF('HASIL PROD'!$A$4:$A$343,A8,'HASIL PROD'!$N$4:$N$343) -> 0 | R8: =+N8-P8 -> 0 | S8: =+O8-Q8 -> 0 | T8: =SUMIF('HASIL PROD'!$A$4:$A$343,A8,'HASIL PROD'!$S$4:$S$344) -> 0 | X8: =+T8-V8 -> 0 | Y8: =+U8-W8 -> 0 | Z8: =+'HASIL PROD'!X26 -> 0 | AD8: =+Z8-AB8 -> 0 | AE8: =+AA8-AC8 -> 0 | AF8: =+C8 -> 0 | AG8: =+I8+O8+U8 -> 8
A9: =+'HASIL PROD'!A37 -> 46207 | B9: =SUMIF('HASIL PROD'!$A$4:$A$343,A9,'HASIL PROD'!$D$4:$D$343) -> 0 | F9: =+B9-D9 -> 0 | G9: =+C9-E9 -> 0 | H9: =SUMIF('HASIL PROD'!$A$4:$A$343,A9,'HASIL PROD'!$I$4:$I$343) -> 0 | L9: =+H9-J9 -> 0 | M9: =+I9-K9 -> 0 | N9: =SUMIF('HASIL PROD'!$A$4:$A$343,A9,'HASIL PROD'!$N$4:$N$343) -> 0 | R9: =+N9-P9 -> 0 | S9: =+O9-Q9 -> 0 | T9: =SUMIF('HASIL PROD'!$A$4:$A$343,A9,'HASIL PROD'!$S$4:$S$344) -> 0 | X9: =+T9-V9 -> 0 | Y9: =+U9-W9 -> 0 | Z9: =+'HASIL PROD'!X37 -> 0 | AD9: =+Z9-AB9 -> 0 | AE9: =+AA9-AC9 -> 0 | AF9: =+C9 -> 0 | AG9: =+I9+O9+U9 -> 0
A10: =+'HASIL PROD'!A48 -> 46208 | B10: =SUMIF('HASIL PROD'!$A$4:$A$343,A10,'HASIL PROD'!$D$4:$D$343) -> 0 | F10: =+B10-D10 -> 0 | G10: =+C10-E10 -> 0 | H10: =SUMIF('HASIL PROD'!$A$4:$A$343,A10,'HASIL PROD'!$I$4:$I$343) -> 0 | L10: =+H10-J10 -> 0 | M10: =+I10-K10 -> 0 | N10: =SUMIF('HASIL PROD'!$A$4:$A$343,A10,'HASIL PROD'!$N$4:$N$343) -> 0 | R10: =+N10-P10 -> 0 | S10: =+O10-Q10 -> 0 | T10: =SUMIF('HASIL PROD'!$A$4:$A$343,A10,'HASIL PROD'!$S$4:$S$344) -> 0 | X10: =+T10-V10 -> 0 | Y10: =+U10-W10 -> 0 | Z10: =+'HASIL PROD'!X48 -> 0 | AD10: =+Z10-AB10 -> 0 | AE10: =+AA10-AC10 -> 0 | AF10: =+C10 -> 0 | AG10: =+I10+O10+U10 -> 0
A11: =+'HASIL PROD'!A59 -> 46209 | B11: =SUMIF('HASIL PROD'!$A$4:$A$343,A11,'HASIL PROD'!$D$4:$D$343) -> 1495.75 | C11: 1 | F11: =+B11-D11 -> 1495.75 | G11: =+C11-E11 -> 1 | H11: =SUMIF('HASIL PROD'!$A$4:$A$343,A11,'HASIL PROD'!$I$4:$I$343) -> 0 | L11: =+H11-J11 -> 0 | M11: =+I11-K11 -> 0 | N11: =SUMIF('HASIL PROD'!$A$4:$A$343,A11,'HASIL PROD'!$N$4:$N$343) -> 0 | R11: =+N11-P11 -> 0 | S11: =+O11-Q11 -> 0 | T11: =SUMIF('HASIL PROD'!$A$4:$A$343,A11,'HASIL PROD'!$S$4:$S$344) -> 0 | X11: =+T11-V11 -> 0 | Y11: =+U11-W11 -> 0 | Z11: =+'HASIL PROD'!X59 -> 0 | AD11: =+Z11-AB11 -> 0 | AE11: =+AA11-AC11 -> 0 | AF11: =+C11 -> 1 | AG11: =+I11+O11+U11 -> 0
A12: =+'HASIL PROD'!A70 -> 46210 | B12: =SUMIF('HASIL PROD'!$A$4:$A$343,A12,'HASIL PROD'!$D$4:$D$343) -> 12775.875 | C12: 8 | D12: 14004.25 | E12: 8.5 | F12: =+B12-D12 -> -1228.375 | G12: =+C12-E12 -> -0.5 | H12: =SUMIF('HASIL PROD'!$A$4:$A$343,A12,'HASIL PROD'!$I$4:$I$343) -> 0 | L12: =+H12-J12 -> 0 | M12: =+I12-K12 -> 0 | N12: =SUMIF('HASIL PROD'!$A$4:$A$343,A12,'HASIL PROD'!$N$4:$N$343) -> 0 | R12: =+N12-P12 -> 0 | S12: =+O12-Q12 -> 0 | T12: =SUMIF('HASIL PROD'!$A$4:$A$343,A12,'HASIL PROD'!$S$4:$S$344) -> 0 | X12: =+T12-V12 -> 0 | Y12: =+U12-W12 -> 0 | Z12: =+'HASIL PROD'!X70 -> 0 | AD12: =+Z12-AB12 -> 0 | AE12: =+AA12-AC12 -> 0 | AF12: =+C12 -> 8 | AG12: =+I12+O12+U12 -> 0
A13: =+'HASIL PROD'!A81 -> 46211 | B13: =SUMIF('HASIL PROD'!$A$4:$A$343,A13,'HASIL PROD'!$D$4:$D$343) -> 14426.625 | C13: 9 | D13: 14008.125 | E13: 8.5 | F13: =+B13-D13 -> 418.5 | G13: =+C13-E13 -> 0.5 | H13: =SUMIF('HASIL PROD'!$A$4:$A$343,A13,'HASIL PROD'!$I$4:$I$343) -> 0 | L13: =+H13-J13 -> 0 | M13: =+I13-K13 -> 0 | N13: =SUMIF('HASIL PROD'!$A$4:$A$343,A13,'HASIL PROD'!$N$4:$N$343) -> 0 | R13: =+N13-P13 -> 0 | S13: =+O13-Q13 -> 0 | T13: =SUMIF('HASIL PROD'!$A$4:$A$343,A13,'HASIL PROD'!$S$4:$S$344) -> 0 | X13: =+T13-V13 -> 0 | Y13: =+U13-W13 -> 0 | Z13: =+'HASIL PROD'!X81 -> 0 | AD13: =+Z13-AB13 -> 0 | AE13: =+AA13-AC13 -> 0 | AF13: =+C13 -> 9 | AG13: =+I13+O13+U13 -> 0
A14: =+'HASIL PROD'!A92 -> 46212 | B14: =SUMIF('HASIL PROD'!$A$4:$A$343,A14,'HASIL PROD'!$D$4:$D$343) -> 15209.375 | C14: 9 | D14: 14012 | E14: 8.5 | F14: =+B14-D14 -> 1197.375 | G14: =+C14-E14 -> 0.5 | H14: =SUMIF('HASIL PROD'!$A$4:$A$343,A14,'HASIL PROD'!$I$4:$I$343) -> 0 | L14: =+H14-J14 -> 0 | M14: =+I14-K14 -> 0 | N14: =SUMIF('HASIL PROD'!$A$4:$A$343,A14,'HASIL PROD'!$N$4:$N$343) -> 0 | R14: =+N14-P14 -> 0 | S14: =+O14-Q14 -> 0 | T14: =SUMIF('HASIL PROD'!$A$4:$A$343,A14,'HASIL PROD'!$S$4:$S$344) -> 0 | X14: =+T14-V14 -> 0 | Y14: =+U14-W14 -> 0 | Z14: =+'HASIL PROD'!X92 -> 0 | AD14: =+Z14-AB14 -> 0 | AE14: =+AA14-AC14 -> 0 | AF14: =+C14 -> 9 | AG14: =+I14+O14+U14 -> 0
A15: =+'HASIL PROD'!A103 -> 46213 | B15: =SUMIF('HASIL PROD'!$A$4:$A$343,A15,'HASIL PROD'!$D$4:$D$343) -> 14418.875 | C15: 9 | D15: 14015.875 | E15: 8.5 | F15: =+B15-D15 -> 403 | G15: =+C15-E15 -> 0.5 | H15: =SUMIF('HASIL PROD'!$A$4:$A$343,A15,'HASIL PROD'!$I$4:$I$343) -> 0 | L15: =+H15-J15 -> 0 | M15: =+I15-K15 -> 0 | N15: =SUMIF('HASIL PROD'!$A$4:$A$343,A15,'HASIL PROD'!$N$4:$N$343) -> 0 | R15: =+N15-P15 -> 0 | S15: =+O15-Q15 -> 0 | T15: =SUMIF('HASIL PROD'!$A$4:$A$343,A15,'HASIL PROD'!$S$4:$S$344) -> 0 | X15: =+T15-V15 -> 0 | Y15: =+U15-W15 -> 0 | Z15: =+'HASIL PROD'!X103 -> 0 | AD15: =+Z15-AB15 -> 0 | AE15: =+AA15-AC15 -> 0 | AF15: =+C15 -> 9 | AG15: =+I15+O15+U15 -> 0
A16: =+'HASIL PROD'!A114 -> 46214 | B16: =SUMIF('HASIL PROD'!$A$4:$A$343,A16,'HASIL PROD'!$D$4:$D$343) -> 0 | F16: =+B16-D16 -> 0 | G16: =+C16-E16 -> 0 | H16: =SUMIF('HASIL PROD'!$A$4:$A$343,A16,'HASIL PROD'!$I$4:$I$343) -> 0 | L16: =+H16-J16 -> 0 | M16: =+I16-K16 -> 0 | N16: =SUMIF('HASIL PROD'!$A$4:$A$343,A16,'HASIL PROD'!$N$4:$N$343) -> 0 | R16: =+N16-P16 -> 0 | S16: =+O16-Q16 -> 0 | T16: =SUMIF('HASIL PROD'!$A$4:$A$343,A16,'HASIL PROD'!$S$4:$S$344) -> 0 | X16: =+T16-V16 -> 0 | Y16: =+U16-W16 -> 0 | Z16: =+'HASIL PROD'!X114 -> 0 | AD16: =+Z16-AB16 -> 0 | AE16: =+AA16-AC16 -> 0 | AF16: =+C16 -> 0 | AG16: =+I16+O16+U16 -> 0
A17: =+'HASIL PROD'!A125 -> 46215 | B17: =SUMIF('HASIL PROD'!$A$4:$A$343,A17,'HASIL PROD'!$D$4:$D$343) -> 0 | F17: =+B17-D17 -> 0 | G17: =+C17-E17 -> 0 | H17: =SUMIF('HASIL PROD'!$A$4:$A$343,A17,'HASIL PROD'!$I$4:$I$343) -> 0 | L17: =+H17-J17 -> 0 | M17: =+I17-K17 -> 0 | N17: =SUMIF('HASIL PROD'!$A$4:$A$343,A17,'HASIL PROD'!$N$4:$N$343) -> 0 | R17: =+N17-P17 -> 0 | S17: =+O17-Q17 -> 0 | T17: =SUMIF('HASIL PROD'!$A$4:$A$343,A17,'HASIL PROD'!$S$4:$S$344) -> 0 | X17: =+T17-V17 -> 0 | Y17: =+U17-W17 -> 0 | Z17: =+'HASIL PROD'!X125 -> 0 | AD17: =+Z17-AB17 -> 0 | AE17: =+AA17-AC17 -> 0 | AF17: =+C17 -> 0 | AG17: =+I17+O17+U17 -> 0
A18: =+'HASIL PROD'!A136 -> 46216 | B18: =SUMIF('HASIL PROD'!$A$4:$A$343,A18,'HASIL PROD'!$D$4:$D$343) -> 0 | F18: =+B18-D18 -> 0 | G18: =+C18-E18 -> 0 | H18: =SUMIF('HASIL PROD'!$A$4:$A$343,A18,'HASIL PROD'!$I$4:$I$343) -> 1434.888 | I18: 1 | L18: =+H18-J18 -> 1434.888 | M18: =+I18-K18 -> 1 | N18: =SUMIF('HASIL PROD'!$A$4:$A$343,A18,'HASIL PROD'!$N$4:$N$343) -> 0 | R18: =+N18-P18 -> 0 | S18: =+O18-Q18 -> 0 | T18: =SUMIF('HASIL PROD'!$A$4:$A$343,A18,'HASIL PROD'!$S$4:$S$344) -> 0 | X18: =+T18-V18 -> 0 | Y18: =+U18-W18 -> 0 | Z18: =+'HASIL PROD'!X136 -> 0 | AD18: =+Z18-AB18 -> 0 | AE18: =+AA18-AC18 -> 0 | AF18: =+C18 -> 0 | AG18: =+I18+O18+U18 -> 1
A19: =+'HASIL PROD'!A147 -> 46217 | B19: =SUMIF('HASIL PROD'!$A$4:$A$343,A19,'HASIL PROD'!$D$4:$D$343) -> 0 | F19: =+B19-D19 -> 0 | G19: =+C19-E19 -> 0 | H19: =SUMIF('HASIL PROD'!$A$4:$A$343,A19,'HASIL PROD'!$I$4:$I$343) -> 15452.892 | I19: 9 | J19: 16802.604 | K19: 10 | L19: =+H19-J19 -> -1349.712 | M19: =+I19-K19 -> -1 | N19: =SUMIF('HASIL PROD'!$A$4:$A$343,A19,'HASIL PROD'!$N$4:$N$343) -> 0 | R19: =+N19-P19 -> 0 | S19: =+O19-Q19 -> 0 | T19: =SUMIF('HASIL PROD'!$A$4:$A$343,A19,'HASIL PROD'!$S$4:$S$344) -> 0 | X19: =+T19-V19 -> 0 | Y19: =+U19-W19 -> 0 | Z19: =+'HASIL PROD'!X147 -> 0 | AD19: =+Z19-AB19 -> 0 | AE19: =+AA19-AC19 -> 0 | AF19: =+C19 -> 0 | AG19: =+I19+O19+U19 -> 9
A20: =+'HASIL PROD'!A158 -> 46218 | B20: =SUMIF('HASIL PROD'!$A$4:$A$343,A20,'HASIL PROD'!$D$4:$D$343) -> 0 | F20: =+B20-D20 -> 0 | G20: =+C20-E20 -> 0 | H20: =SUMIF('HASIL PROD'!$A$4:$A$343,A20,'HASIL PROD'!$I$4:$I$343) -> 15135.12 | I20: 9 | J20: 16805.88 | K20: 10 | L20: =+H20-J20 -> -1670.76 | M20: =+I20-K20 -> -1 | N20: =SUMIF('HASIL PROD'!$A$4:$A$343,A20,'HASIL PROD'!$N$4:$N$343) -> 1470.924 | O20: 1 | R20: =+N20-P20 -> 1470.924 | S20: =+O20-Q20 -> 1 | T20: =SUMIF('HASIL PROD'!$A$4:$A$343,A20,'HASIL PROD'!$S$4:$S$344) -> 0 | X20: =+T20-V20 -> 0 | Y20: =+U20-W20 -> 0 | Z20: =+'HASIL PROD'!X158 -> 0 | AD20: =+Z20-AB20 -> 0 | AE20: =+AA20-AC20 -> 0 | AF20: =+C20 -> 0 | AG20: =+I20+O20+U20 -> 10
A21: =+'HASIL PROD'!A169 -> 46219 | B21: =SUMIF('HASIL PROD'!$A$4:$A$343,A21,'HASIL PROD'!$D$4:$D$343) -> 0 | F21: =+B21-D21 -> 0 | G21: =+C21-E21 -> 0 | H21: =SUMIF('HASIL PROD'!$A$4:$A$343,A21,'HASIL PROD'!$I$4:$I$343) -> 1513.512 | I21: 1 | L21: =+H21-J21 -> 1513.512 | M21: =+I21-K21 -> 1 | N21: =SUMIF('HASIL PROD'!$A$4:$A$343,A21,'HASIL PROD'!$N$4:$N$343) -> 16209.648 | O21: 9 | P21: 16809.156 | Q21: 9.5 | R21: =+N21-P21 -> -599.508 | S21: =+O21-Q21 -> -0.5 | T21: =SUMIF('HASIL PROD'!$A$4:$A$343,A21,'HASIL PROD'!$S$4:$S$344) -> 0 | X21: =+T21-V21 -> 0 | Y21: =+U21-W21 -> 0 | Z21: =+'HASIL PROD'!X169 -> 0 | AD21: =+Z21-AB21 -> 0 | AE21: =+AA21-AC21 -> 0 | AF21: =+C21 -> 0 | AG21: =+I21+O21+U21 -> 10
A22: =+'HASIL PROD'!A180 -> 46220 | B22: =SUMIF('HASIL PROD'!$A$4:$A$343,A22,'HASIL PROD'!$D$4:$D$343) -> 8610.25 | C22: 5 | D22: 14004.25 | E22: 8.5 | F22: =+B22-D22 -> -5394 | G22: =+C22-E22 -> -3.5 | H22: =SUMIF('HASIL PROD'!$A$4:$A$343,A22,'HASIL PROD'!$I$4:$I$343) -> 3397.212 | I22: 2 | L22: =+H22-J22 -> 3397.212 | M22: =+I22-K22 -> 2 | N22: =SUMIF('HASIL PROD'!$A$4:$A$343,A22,'HASIL PROD'!$N$4:$N$343) -> 0 | R22: =+N22-P22 -> 0 | S22: =+O22-Q22 -> 0 | T22: =SUMIF('HASIL PROD'!$A$4:$A$343,A22,'HASIL PROD'!$S$4:$S$344) -> 0 | X22: =+T22-V22 -> 0 | Y22: =+U22-W22 -> 0 | Z22: =+'HASIL PROD'!X180 -> 0 | AD22: =+Z22-AB22 -> 0 | AE22: =+AA22-AC22 -> 0 | AF22: =+C22 -> 5 | AG22: =+I22+O22+U22 -> 2
A23: =+'HASIL PROD'!A191 -> 46221 | B23: =SUMIF('HASIL PROD'!$A$4:$A$343,A23,'HASIL PROD'!$D$4:$D$343) -> 0 | F23: =+B23-D23 -> 0 | G23: =+C23-E23 -> 0 | H23: =SUMIF('HASIL PROD'!$A$4:$A$343,A23,'HASIL PROD'!$I$4:$I$343) -> 0 | L23: =+H23-J23 -> 0 | M23: =+I23-K23 -> 0 | N23: =SUMIF('HASIL PROD'!$A$4:$A$343,A23,'HASIL PROD'!$N$4:$N$343) -> 0 | R23: =+N23-P23 -> 0 | S23: =+O23-Q23 -> 0 | T23: =SUMIF('HASIL PROD'!$A$4:$A$343,A23,'HASIL PROD'!$S$4:$S$344) -> 0 | X23: =+T23-V23 -> 0 | Y23: =+U23-W23 -> 0 | Z23: =+'HASIL PROD'!X191 -> 0 | AD23: =+Z23-AB23 -> 0 | AE23: =+AA23-AC23 -> 0 | AF23: =+C23 -> 0 | AG23: =+I23+O23+U23 -> 0
A24: =+'HASIL PROD'!A202 -> 46222 | B24: =SUMIF('HASIL PROD'!$A$4:$A$343,A24,'HASIL PROD'!$D$4:$D$343) -> 0 | F24: =+B24-D24 -> 0 | G24: =+C24-E24 -> 0 | H24: =SUMIF('HASIL PROD'!$A$4:$A$343,A24,'HASIL PROD'!$I$4:$I$343) -> 0 | L24: =+H24-J24 -> 0 | M24: =+I24-K24 -> 0 | N24: =SUMIF('HASIL PROD'!$A$4:$A$343,A24,'HASIL PROD'!$N$4:$N$343) -> 0 | R24: =+N24-P24 -> 0 | S24: =+O24-Q24 -> 0 | T24: =SUMIF('HASIL PROD'!$A$4:$A$343,A24,'HASIL PROD'!$S$4:$S$344) -> 0 | X24: =+T24-V24 -> 0 | Y24: =+U24-W24 -> 0 | Z24: =+'HASIL PROD'!X202 -> 0 | AD24: =+Z24-AB24 -> 0 | AE24: =+AA24-AC24 -> 0 | AF24: =+C24 -> 0 | AG24: =+I24+O24+U24 -> 0
A25: =+'HASIL PROD'!A213 -> 46223 | B25: =SUMIF('HASIL PROD'!$A$4:$A$343,A25,'HASIL PROD'!$D$4:$D$343) -> 1553.875 | C25: 1 | F25: =+B25-D25 -> 1553.875 | G25: =+C25-E25 -> 1 | H25: =SUMIF('HASIL PROD'!$A$4:$A$343,A25,'HASIL PROD'!$I$4:$I$343) -> 0 | L25: =+H25-J25 -> 0 | M25: =+I25-K25 -> 0 | N25: =SUMIF('HASIL PROD'!$A$4:$A$343,A25,'HASIL PROD'!$N$4:$N$343) -> 0 | R25: =+N25-P25 -> 0 | S25: =+O25-Q25 -> 0 | T25: =SUMIF('HASIL PROD'!$A$4:$A$343,A25,'HASIL PROD'!$S$4:$S$344) -> 0 | X25: =+T25-V25 -> 0 | Y25: =+U25-W25 -> 0 | Z25: =+'HASIL PROD'!X213 -> 0 | AD25: =+Z25-AB25 -> 0 | AE25: =+AA25-AC25 -> 0 | AF25: =+C25 -> 1 | AG25: =+I25+O25+U25 -> 0
A26: =+'HASIL PROD'!A224 -> 46224 | B26: =SUMIF('HASIL PROD'!$A$4:$A$343,A26,'HASIL PROD'!$D$4:$D$343) -> 14666.875 | C26: 9 | D26: 14008.125 | E26: 8.5 | F26: =+B26-D26 -> 658.75 | G26: =+C26-E26 -> 0.5 | H26: =SUMIF('HASIL PROD'!$A$4:$A$343,A26,'HASIL PROD'!$I$4:$I$343) -> 0 | L26: =+H26-J26 -> 0 | M26: =+I26-K26 -> 0 | N26: =SUMIF('HASIL PROD'!$A$4:$A$343,A26,'HASIL PROD'!$N$4:$N$343) -> 0 | R26: =+N26-P26 -> 0 | S26: =+O26-Q26 -> 0 | T26: =SUMIF('HASIL PROD'!$A$4:$A$343,A26,'HASIL PROD'!$S$4:$S$344) -> 0 | X26: =+T26-V26 -> 0 | Y26: =+U26-W26 -> 0 | Z26: =+'HASIL PROD'!X224 -> 0 | AD26: =+Z26-AB26 -> 0 | AE26: =+AA26-AC26 -> 0 | AF26: =+C26 -> 9 | AG26: =+I26+O26+U26 -> 0
A27: =+'HASIL PROD'!A235 -> 46225 | B27: =SUMIF('HASIL PROD'!$A$4:$A$343,A27,'HASIL PROD'!$D$4:$D$343) -> 13674.875 | C27: 8 | D27: 14012 | E27: 8.5 | F27: =+B27-D27 -> -337.125 | G27: =+C27-E27 -> -0.5 | H27: =SUMIF('HASIL PROD'!$A$4:$A$343,A27,'HASIL PROD'!$I$4:$I$343) -> 0 | L27: =+H27-J27 -> 0 | M27: =+I27-K27 -> 0 | N27: =SUMIF('HASIL PROD'!$A$4:$A$343,A27,'HASIL PROD'!$N$4:$N$343) -> 0 | R27: =+N27-P27 -> 0 | S27: =+O27-Q27 -> 0 | T27: =SUMIF('HASIL PROD'!$A$4:$A$343,A27,'HASIL PROD'!$S$4:$S$344) -> 0 | X27: =+T27-V27 -> 0 | Y27: =+U27-W27 -> 0 | Z27: =+'HASIL PROD'!X235 -> 0 | AD27: =+Z27-AB27 -> 0 | AE27: =+AA27-AC27 -> 0 | AF27: =+C27 -> 8 | AG27: =+I27+O27+U27 -> 0
A28: =+'HASIL PROD'!A246 -> 46226 | B28: =SUMIF('HASIL PROD'!$A$4:$A$343,A28,'HASIL PROD'!$D$4:$D$343) -> 16278.875 | C28: 10 | D28: 14015.875 | E28: 8.5 | F28: =+B28-D28 -> 2263 | G28: =+C28-E28 -> 1.5 | H28: =SUMIF('HASIL PROD'!$A$4:$A$343,A28,'HASIL PROD'!$I$4:$I$343) -> 0 | L28: =+H28-J28 -> 0 | M28: =+I28-K28 -> 0 | N28: =SUMIF('HASIL PROD'!$A$4:$A$343,A28,'HASIL PROD'!$N$4:$N$343) -> 0 | R28: =+N28-P28 -> 0 | S28: =+O28-Q28 -> 0 | T28: =SUMIF('HASIL PROD'!$A$4:$A$343,A28,'HASIL PROD'!$S$4:$S$344) -> 0 | X28: =+T28-V28 -> 0 | Y28: =+U28-W28 -> 0 | Z28: =+'HASIL PROD'!X246 -> 0 | AD28: =+Z28-AB28 -> 0 | AE28: =+AA28-AC28 -> 0 | AF28: =+C28 -> 10 | AG28: =+I28+O28+U28 -> 0
A29: =+'HASIL PROD'!A257 -> 46227 | B29: =SUMIF('HASIL PROD'!$A$4:$A$343,A29,'HASIL PROD'!$D$4:$D$343) -> 14705.625 | C29: 9 | D29: =+D22 -> 14004.25 | E29: 8.5 | F29: =+B29-D29 -> 701.375 | G29: =+C29-E29 -> 0.5 | H29: =SUMIF('HASIL PROD'!$A$4:$A$343,A29,'HASIL PROD'!$I$4:$I$343) -> 0 | L29: =+H29-J29 -> 0 | M29: =+I29-K29 -> 0 | N29: =SUMIF('HASIL PROD'!$A$4:$A$343,A29,'HASIL PROD'!$N$4:$N$343) -> 0 | R29: =+N29-P29 -> 0 | S29: =+O29-Q29 -> 0 | T29: =SUMIF('HASIL PROD'!$A$4:$A$343,A29,'HASIL PROD'!$S$4:$S$344) -> 0 | X29: =+T29-V29 -> 0 | Y29: =+U29-W29 -> 0 | Z29: =+'HASIL PROD'!X257 -> 0 | AD29: =+Z29-AB29 -> 0 | AE29: =+AA29-AC29 -> 0 | AF29: =+C29 -> 9 | AG29: =+I29+O29+U29 -> 0
A30: =+'HASIL PROD'!A268 -> 46228 | B30: =SUMIF('HASIL PROD'!$A$4:$A$343,A30,'HASIL PROD'!$D$4:$D$343) -> 12741 | C30: 8 | D30: =+D29-3.875 -> 14000.375 | E30: 8.5 | F30: =+B30-D30 -> -1259.375 | G30: =+C30-E30 -> -0.5 | H30: =SUMIF('HASIL PROD'!$A$4:$A$343,A30,'HASIL PROD'!$I$4:$I$343) -> 0 | L30: =+H30-J30 -> 0 | M30: =+I30-K30 -> 0 | N30: =SUMIF('HASIL PROD'!$A$4:$A$343,A30,'HASIL PROD'!$N$4:$N$343) -> 0 | R30: =+N30-P30 -> 0 | S30: =+O30-Q30 -> 0 | T30: =SUMIF('HASIL PROD'!$A$4:$A$343,A30,'HASIL PROD'!$S$4:$S$344) -> 0 | X30: =+T30-V30 -> 0 | Y30: =+U30-W30 -> 0 | Z30: =+'HASIL PROD'!X268 -> 0 | AD30: =+Z30-AB30 -> 0 | AE30: =+AA30-AC30 -> 0 | AF30: =+C30 -> 8 | AG30: =+I30+O30+U30 -> 0
A31: =+'HASIL PROD'!A279 -> 46229 | B31: =SUMIF('HASIL PROD'!$A$4:$A$343,A31,'HASIL PROD'!$D$4:$D$343) -> 0 | F31: =+B31-D31 -> 0 | G31: =+C31-E31 -> 0 | H31: =SUMIF('HASIL PROD'!$A$4:$A$343,A31,'HASIL PROD'!$I$4:$I$343) -> 0 | L31: =+H31-J31 -> 0 | M31: =+I31-K31 -> 0 | N31: =SUMIF('HASIL PROD'!$A$4:$A$343,A31,'HASIL PROD'!$N$4:$N$343) -> 0 | R31: =+N31-P31 -> 0 | S31: =+O31-Q31 -> 0 | T31: =SUMIF('HASIL PROD'!$A$4:$A$343,A31,'HASIL PROD'!$S$4:$S$344) -> 0 | X31: =+T31-V31 -> 0 | Y31: =+U31-W31 -> 0 | Z31: =+'HASIL PROD'!X279 -> 0 | AD31: =+Z31-AB31 -> 0 | AE31: =+AA31-AC31 -> 0 | AF31: =+C31 -> 0 | AG31: =+I31+O31+U31 -> 0
A32: =+'HASIL PROD'!A290 -> 46230 | B32: =SUMIF('HASIL PROD'!$A$4:$A$343,A32,'HASIL PROD'!$D$4:$D$343) -> 0 | F32: =+B32-D32 -> 0 | G32: =+C32-E32 -> 0 | H32: =SUMIF('HASIL PROD'!$A$4:$A$343,A32,'HASIL PROD'!$I$4:$I$343) -> 0 | L32: =+H32-J32 -> 0 | M32: =+I32-K32 -> 0 | N32: =SUMIF('HASIL PROD'!$A$4:$A$343,A32,'HASIL PROD'!$N$4:$N$343) -> 0 | R32: =+N32-P32 -> 0 | S32: =+O32-Q32 -> 0 | T32: =SUMIF('HASIL PROD'!$A$4:$A$343,A32,'HASIL PROD'!$S$4:$S$344) -> 0 | X32: =+T32-V32 -> 0 | Y32: =+U32-W32 -> 0 | Z32: =+'HASIL PROD'!X290 -> 0 | AD32: =+Z32-AB32 -> 0 | AE32: =+AA32-AC32 -> 0 | AF32: =+C32 -> 0 | AG32: =+I32+O32+U32 -> 0
A33: =+'HASIL PROD'!A301 -> 46231 | B33: =SUMIF('HASIL PROD'!$A$4:$A$343,A33,'HASIL PROD'!$D$4:$D$343) -> 0 | F33: =+B33-D33 -> 0 | G33: =+C33-E33 -> 0 | H33: =SUMIF('HASIL PROD'!$A$4:$A$343,A33,'HASIL PROD'!$I$4:$I$343) -> 0 | L33: =+H33-J33 -> 0 | M33: =+I33-K33 -> 0 | N33: =SUMIF('HASIL PROD'!$A$4:$A$343,A33,'HASIL PROD'!$N$4:$N$343) -> 0 | R33: =+N33-P33 -> 0 | S33: =+O33-Q33 -> 0 | T33: =SUMIF('HASIL PROD'!$A$4:$A$343,A33,'HASIL PROD'!$S$4:$S$344) -> 0 | X33: =+T33-V33 -> 0 | Y33: =+U33-W33 -> 0 | Z33: =+'HASIL PROD'!X301 -> 0 | AD33: =+Z33-AB33 -> 0 | AE33: =+AA33-AC33 -> 0 | AF33: =+C33 -> 0 | AG33: =+I33+O33+U33 -> 0
A34: =+'HASIL PROD'!A312 -> 46232 | B34: =SUMIF('HASIL PROD'!$A$4:$A$343,A34,'HASIL PROD'!$D$4:$D$343) -> 0 | F34: =+B34-D34 -> 0 | G34: =+C34-E34 -> 0 | H34: =SUMIF('HASIL PROD'!$A$4:$A$343,A34,'HASIL PROD'!$I$4:$I$343) -> 0 | L34: =+H34-J34 -> 0 | M34: =+I34-K34 -> 0 | N34: =SUMIF('HASIL PROD'!$A$4:$A$343,A34,'HASIL PROD'!$N$4:$N$343) -> 0 | R34: =+N34-P34 -> 0 | S34: =+O34-Q34 -> 0 | T34: =SUMIF('HASIL PROD'!$A$4:$A$343,A34,'HASIL PROD'!$S$4:$S$344) -> 0 | X34: =+T34-V34 -> 0 | Y34: =+U34-W34 -> 0 | Z34: =+'HASIL PROD'!X312 -> 0 | AD34: =+Z34-AB34 -> 0 | AE34: =+AA34-AC34 -> 0 | AF34: =+C34 -> 0 | AG34: =+I34+O34+U34 -> 0
A35: =+'HASIL PROD'!A323 -> 46233 | B35: =SUMIF('HASIL PROD'!$A$4:$A$343,A35,'HASIL PROD'!$D$4:$D$343) -> 0 | F35: =+B35-D35 -> 0 | G35: =+C35-E35 -> 0 | H35: =SUMIF('HASIL PROD'!$A$4:$A$343,A35,'HASIL PROD'!$I$4:$I$343) -> 0 | L35: =+H35-J35 -> 0 | M35: =+I35-K35 -> 0 | N35: =SUMIF('HASIL PROD'!$A$4:$A$343,A35,'HASIL PROD'!$N$4:$N$343) -> 0 | R35: =+N35-P35 -> 0 | S35: =+O35-Q35 -> 0 | T35: =SUMIF('HASIL PROD'!$A$4:$A$343,A35,'HASIL PROD'!$S$4:$S$344) -> 0 | X35: =+T35-V35 -> 0 | Y35: =+U35-W35 -> 0 | Z35: =+'HASIL PROD'!X323 -> 0 | AD35: =+Z35-AB35 -> 0 | AE35: =+AA35-AC35 -> 0 | AF35: =+C35 -> 0 | AG35: =+I35+O35+U35 -> 0
A36: =+'HASIL PROD'!A334 -> 46234 | B36: =SUMIF('HASIL PROD'!$A$4:$A$343,A36,'HASIL PROD'!$D$4:$D$343) -> 0 | F36: =+B36-D36 -> 0 | G36: =+C36-E36 -> 0 | H36: =SUMIF('HASIL PROD'!$A$4:$A$343,A36,'HASIL PROD'!$I$4:$I$343) -> 0 | L36: =+H36-J36 -> 0 | M36: =+I36-K36 -> 0 | N36: =SUMIF('HASIL PROD'!$A$4:$A$343,A36,'HASIL PROD'!$N$4:$N$343) -> 0 | R36: =+N36-P36 -> 0 | S36: =+O36-Q36 -> 0 | T36: =SUMIF('HASIL PROD'!$A$4:$A$343,A36,'HASIL PROD'!$S$4:$S$344) -> 0 | X36: =+T36-V36 -> 0 | Y36: =+U36-W36 -> 0 | Z36: =+'HASIL PROD'!X334 -> 0 | AD36: =+Z36-AB36 -> 0 | AE36: =+AA36-AC36 -> 0 | AF36: =+C36 -> 0 | AG36: =+I36+O36+U36 -> 0
A38: TOTAL | B38: =SUM(B6:B36) -> 150768.5 | C38: =SUM(C6:C37) -> 92.5 | D38: =SUM(D6:D36) -> 154085.5 | E38: =SUM(E6:E37) -> 93.5 | F38: =SUM(F6:F36) -> -3317 | G38: =SUM(G6:G37) -> -1 | H38: =SUM(H6:H36) -> 67053.168 | I38: =SUM(I6:I37) -> 40 | J38: =SUM(J6:J36) -> 67216.968 | K38: =SUM(K6:K37) -> 40 | L38: =SUM(L6:L36) -> -163.8 | M38: =SUM(M6:M37) -> 0 | N38: =SUM(N6:N36) -> 17680.572 | O38: =SUM(O6:O37) -> 10 | P38: =SUM(P6:P36) -> 16809.156 | Q38: =SUM(Q6:Q37) -> 9.5 | R38: =SUM(R6:R36) -> 871.416 | S38: =SUM(S6:S37) -> 0.5 | T38: =SUM(T6:T36) -> 0 | U38: =SUM(U6:U37) -> 0 | V38: =SUM(V6:V36) -> 0 | W38: =SUM(W6:W37) -> 0 | X38: =SUM(X6:X36) -> 0 | Y38: =SUM(Y6:Y37) -> 0 | Z38: =SUM(Z6:Z36) -> 0 | AA38: =SUM(AA6:AA37) -> 0 | AB38: =SUM(AB6:AB36) -> 0 | AC38: =SUM(AC6:AC37) -> 0 | AD38: =SUM(AD6:AD36) -> 0 | AE38: =SUM(AE6:AE37) -> 0 | AF38: =SUM(AF6:AF37) -> 92.5 | AG38: =SUM(AG6:AG37) -> 50 | AH38: =SUM(AH6:AH37) -> 0 | AI38: =+AH38/3 -> 0 | AJ38: Hari | AK38: 9 hari + 2 shift
B39: =+B38-'[1]Juli''26'!$C$35 -> -1460.875 | D39: =+D38-[2]SEPTEMBER!$AN$30 -> 75364.625 | G39: =-C41 -> 0 | P39: =+P38-[2]SEPTEMBER!$AN$24 -> -8399.664 | V39: =+V38-[2]SEPTEMBER!$AN$25 -> -1729.728 | AI39: =9*3 -> 27
A40: CMO Juli'26 | B40: 154000 | C40: =+B40/1578.68 -> 97.549852 | G40: =SUM(G38:G39) -> -1 | H40: 67200 | I40: =+H40/1688.22 -> 39.805239 | J40: =+I40-I38 -> -0.19476135 | N40: 16800 | O40: =+N40/1754.712 -> 9.5742207 | T40: 1720 | U40: =+T40/1721.98 -> 0.99885016 | AA40: =+Z40/1678.06 -> 0
A41: Hutang Juni'26 | C41: =+B41/1578.68 -> 0 | I41: =+H41/1688.22 -> 0 | O41: =+N41/1754.712 -> 0 | U41: =+T41/1721.98 -> 0
A42: Over Produksi Juli'26 | C42: =+B42/1578.68 -> 0 | I42: =+H42/1688.22 -> 0 | O42: =+N42/1752.06 -> 0 | U42: =+T42/1721.98 -> 0
A43: Kekurangan Produksi | B43: =+B38-B40-B41+B42 -> -3231.5 | C43: =+B43/1578.68 -> -2.0469633 | H43: =+H38-H40-H41+H42 -> -146.832 | I43: =+H43/1666.18 -> -0.088124932 | N43: =+N38-N40-N41+N42 -> 880.572 | O43: =+N43/1752.06 -> 0.50259238 | Q43: =14-10.5 -> 3.5 | T43: =+T38-T40-T41+T42 -> -1720 | U43: =+SUM(U40:U41)-U38-U42 -> 0.99885016 | Z43: =+Z38-Z40-Z41+Z42 -> 0 | AA43: =+SUM(AA40:AA41)-AA38-AA42 -> 0
A45: Over/Minus Data Juli'26 | B45: =+B38+B42-B41-D38 -> -3317 | C45: =+B45/1578.68 -> -2.1011225 | H45: =+H38+H42-H41-J38 -> -163.8 | I45: =+H45/1666.18 -> -0.098308706 | N45: =+N38+N42-N41-P38 -> 871.416 | O45: =+N45/1752.06 -> 0.49736653 | T45: =+T38+T42-T41-V38 -> 0 | U45: =+T45/1721.98 -> 0 | Z45: =+Z38+Z42-Z41-AB38 -> 0 | AA45: =+Z45/1673 -> 0
A48: =+B38+H38+N38+T38+Z38 -> 235502.24 | B48: =2194*3.875 -> 8501.75
A50: =+B40+H40+N40+T40+Z40 -> 239720

Sheet RIJECT COOKING
A1: LAPORAN RIJECT SOSIS OKEY | Y1: LAPORAN RIJECT SOSIS AYAM | AW1: LAPORAN RIJECT SOSIS SAPI | BU1: LAPORAN RIJECT SOSIS OTAK2 | CS1: LAPORAN RIJECT SOSIS FIESTA | DQ1: SUMARRY RIJECT COOKING
A2: 46204 | Y2: =+A2 -> 46204 | AW2: =+A2 -> 46204 | BU2: =+A2 -> 46204 | CS2: =+A2 -> 46204 | DQ2: =+A2 -> 46204
W3: =+(V41+[3]Keju!S41+[3]Sapi!S41+[3]Rendang!T41)/4 -> 0.0059453516 | AU3: =+(AT41+[3]Keju!AO41+[3]Sapi!AO41+[3]Rendang!AP41)/4 -> #REF! | CQ3: =+(CP41+[3]Keju!CG41+[3]Sapi!CG41+[3]Rendang!CH41)/4 -> #DIV/0! | DO3: =+(DN41+[3]Keju!DC41+[3]Sapi!DC41+[3]Rendang!DD41)/4 -> #DIV/0!
A4: TGL PRODUKSI | B4: INPUT | T4: TOTAL INPUT | U4: RM | V4: % RIJECT COOKING 0,2 % | W4: % RIJECT NON KLIP 0,02 % | Y4: TGL PRODUKSI | Z4: INPUT | AR4: TOTAL INPUT | AS4: RM | AT4: % RIJECT COOKING 0,2 % | AU4: % RIJECT NON KLIP 0,02 % | AW4: TGL PRODUKSI | AX4: INPUT | BP4: TOTAL INPUT | BQ4: RM | BR4: % RIJECT COOKING 0,2 % | BS4: % RIJECT NON KLIP 0,02 % | BU4: TGL PRODUKSI | BV4: INPUT | CN4: TOTAL INPUT | CO4: RM | CP4: % RIJECT COOKING 0,2 % | CQ4: % RIJECT NON KLIP 0,02 % | CS4: TGL PRODUKSI | CT4: INPUT | DL4: TOTAL INPUT | DM4: RM | DN4: % RIJECT COOKING 0,2 % | DO4: % RIJECT NON KLIP 0,02 % | DQ4: INPUT | EI4: TOTAL INPUT | EJ4: RM | EK4: % RIJECT COOKING 0,2 % | EL4: % RIJECT NON KLIP 0,02 %
B5: REJECT COOKING MESIN- | P5: TOTAL REJECT COOKING | Q5: Non Klip | R5: Pecah Trouble Mesin | S5: Bengkok | Z5: REJECT COOKING MESIN- | AN5: TOTAL REJECT COOKING | AO5: Non Klip | AP5: Pecah Trouble Mesin | AQ5: Bengkok | AX5: REJECT COOKING MESIN- | BL5: TOTAL REJECT COOKING | BM5: Non Klip | BN5: Pecah Trouble Mesin | BO5: Bengkok | BV5: REJECT COOKING MESIN- | CJ5: TOTAL REJECT COOKING | CK5: Non Klip | CL5: Pecah Trouble Mesin | CM5: Bengkok | CT5: REJECT COOKING MESIN- | DH5: TOTAL REJECT COOKING | DI5: Non Klip | DJ5: Pecah Trouble Mesin | DK5: Bengkok | DQ5: REJECT COOKING MESIN- | EE5: TOTAL REJECT COOKING | EF5: Non Klip | EG5: Pecah Trouble Mesin | EH5: Bengkok
B6: K1 | C6: C1 | D6: C2 | E6: C3 | F6: C4 | G6: C5 | H6: C6 | I6: Z1 | J6: Z2 | K6: Z3 | L6: Z4 | M6: Z5 | N6: Z6 | O6: Z7 | Z6: K1 | AA6: C1 | AB6: C2 | AC6: C3 | AD6: C4 | AE6: C5 | AF6: C6 | AG6: Z1 | AH6: Z2 | AI6: Z3 | AJ6: Z4 | AK6: Z5 | AL6: Z6 | AM6: Z7 | AX6: K1 | AY6: C1 | AZ6: C2 | BA6: C3 | BB6: C4 | BC6: C5 | BD6: C6 | BE6: Z1 | BF6: Z2 | BG6: Z3 | BH6: Z4 | BI6: Z5 | BJ6: Z6 | BK6: Z7 | BV6: K1 | BW6: C1 | BX6: C2 | BY6: C3 | BZ6: C4 | CA6: C5 | CB6: C6 | CC6: Z1 | CD6: Z2 | CE6: Z3 | CF6: Z4 | CG6: Z5 | CH6: Z6 | CI6: Z7 | CT6: K1 | CU6: C1 | CV6: C2 | CW6: C3 | CX6: C4 | CY6: C5 | CZ6: C6 | DA6: Z1 | DB6: Z2 | DC6: Z3 | DD6: Z4 | DE6: Z5 | DF6: Z6 | DG6: Z7 | DQ6: K1 | DR6: C1 | DS6: C2 | DT6: C3 | DU6: C4 | DV6: C5 | DW6: C6 | DX6: Z1 | DY6: Z2 | DZ6: Z3 | EA6: Z4 | EB6: Z5 | EC6: Z6 | ED6: Z7
A7: =+'ALL SORTASI'!A6 -> 46204 | B7: =4+2+1+0.4 -> 7.4 | D7: =1+1+1 -> 3 | F7: 1 | G7: =2+2+2+4+2+1+0.3 -> 13.3 | H7: =2+2+2+1+1+0.3 -> 8.3 | J7: =1+1+2+1+0.3 -> 5.3 | K7: =1+0.3 -> 1.3 | L7: 0.4 | M7: =1+1 -> 2 | N7: =1+2+1 -> 4 | O7: =1+1+1+1.5+1 -> 5.5 | P7: =SUM(B7:O7) -> 51.5 | Q7: =4+3.5+5+8+10+6+2 -> 38.5 | T7: =SUM(P7:S7) -> 90 | U7: =+'REKAPAN OKEY AYAM'!AC4 -> 10261.42 | V7: =+P7/U7 -> 0.0050187986 | W7: =+Q7/U7 -> 0.0037519174 | Y7: =+A7 -> 46204 | AB7: 1 | AC7: 1 | AD7: 1 | AE7: 1 | AH7: 1 | AI7: 1 | AL7: 1 | AN7: =SUM(Z7:AM7) -> 7 | AO7: 4 | AR7: =SUM(AN7:AQ7) -> 11 | AS7: =+'REKAPAN CHAMP AYAM'!AC4 -> 1688.72 | AT7: =+AN7/AS7 -> 0.0041451514 | AU7: =+AO7/AS7 -> 0.0023686579 | AW7: =+A7 -> 46204 | BL7: =SUM(AX7:BK7) -> 0 | BP7: =SUM(BL7:BO7) -> 0 | BQ7: =+'REKAPAN CHAMP SAPI'!AC4 -> 0 | BR7: =+BL7/BQ7 -> #DIV/0! | BS7: =+BM7/BQ7 -> #DIV/0! | BU7: =+A7 -> 46204 | CJ7: =SUM(BV7:CI7) -> 0 | CN7: =SUM(CJ7:CM7) -> 0 | CO7: =+'REKAPAN CHAMP OTAK-OTAK'!AC4 -> 0 | CP7: =+CJ7/CO7 -> #DIV/0! | CQ7: =+CK7/CO7 -> #DIV/0! | CS7: =+A7 -> 46204 | DH7: =SUM(CT7:DG7) -> 0 | DL7: =SUM(DH7:DK7) -> 0 | DM7: =+'REKAPAN CHAMP OTAK-OTAK'!AY4 -> 0 | DN7: =+DH7/DM7 -> #DIV/0! | DO7: =+DI7/DM7 -> #DIV/0! | DQ7: =+B7+Z7+AX7+BV7+CT7 -> 7.4 | DR7: =+C7+AA7+AY7+BW7+CU7 -> 0 | DS7: =+D7+AB7+AZ7+BX7+CV7 -> 4 | DT7: =+E7+AC7+BA7+BY7+CW7 -> 1 | DU7: =+F7+AD7+BB7+BZ7+CX7 -> 2 | DV7: =+G7+AE7+BC7+CA7+CY7 -> 14.3 | DW7: =+H7+AF7+BD7+CB7+CZ7 -> 8.3 | DX7: =+I7+AG7+BE7+CC7+DA7 -> 0 | ... ED7: =+O7+AM7+BK7+CI7+DG7 -> 5.5 | EE7: =SUM(DQ7:ED7) -> 58.5 | EF7: =+Q7+AO7+BM7+CK7+DI7 -> 42.5 | EG7: =+R7+AP7+BN7+CL7+DJ7 -> 0 | EH7: =+S7+AQ7+BO7+CM7+DK7 -> 0 | EI7: =SUM(EE7:EH7) -> 101 | EJ7: =+U7+AS7+BQ7+CO7+DM7 -> 11950.14 | EK7: =+EE7/EJ7 -> 0.0048953401 | EL7: =+EF7/EJ7 -> 0.0035564437
A8: =+A7+1 -> 46205 | P8: =SUM(B8:O8) -> 0 | T8: =SUM(P8:S8) -> 0 | U8: =+'REKAPAN OKEY AYAM'!AC5 -> 0 | V8: =+P8/U8 -> #DIV/0! | W8: =+Q8/U8 -> #DIV/0! | Y8: =+Y7+1 -> 46205 | AB8: =1+1+0.5+1.5+1+1 -> 6 | AC8: =1+0.5+1.5+1+1 -> 5 | AD8: 0.5 | AE8: =2+2+1+0.5 -> 5.5 | AF8: =2+1+1+0.5+0.5+2+1.5+1 -> 9.5 | AH8: =1+1+0.5+1.5+1+1 -> 6 | AI8: 1 | AJ8: =1+0.5+0.5+1.5+2 -> 5.5 | AK8: =1.5+1.5+1 -> 4 | AL8: =2+1+0.5+0.5+1.5+1.5+1 -> 8 | AM8: 1.5 | AN8: =SUM(Z8:AM8) -> 52.5 | AO8: =4+5+2.5+3+3+8+7+3 -> 35.5 | AR8: =SUM(AN8:AQ8) -> 88 | AS8: =+'REKAPAN CHAMP AYAM'!AC5 -> 15198.48 | AT8: =+AN8/AS8 -> 0.0034542928 | AU8: =+AO8/AS8 -> 0.0023357599 | AW8: =+AW7+1 -> 46205 | BL8: =SUM(AX8:BK8) -> 0 | BP8: =SUM(BL8:BO8) -> 0 | BQ8: =+'REKAPAN CHAMP SAPI'!AC5 -> 0 | BR8: =+BL8/BQ8 -> #DIV/0! | BS8: =+BM8/BQ8 -> #DIV/0! | BU8: =+BU7+1 -> 46205 | CJ8: =SUM(BV8:CI8) -> 0 | CN8: =SUM(CJ8:CM8) -> 0 | CO8: =+'REKAPAN CHAMP OTAK-OTAK'!AC5 -> 0 | CP8: =+CJ8/CO8 -> #DIV/0! | CQ8: =+CK8/CO8 -> #DIV/0! | CS8: =+CS7+1 -> 46205 | DH8: =SUM(CT8:DG8) -> 0 | DL8: =SUM(DH8:DK8) -> 0 | DM8: =+'REKAPAN CHAMP OTAK-OTAK'!AY5 -> 0 | DN8: =+DH8/DM8 -> #DIV/0! | DO8: =+DI8/DM8 -> #DIV/0! | DQ8: =+B8+Z8+AX8+BV8+CT8 -> 0 | DR8: =+C8+AA8+AY8+BW8+CU8 -> 0 | DS8: =+D8+AB8+AZ8+BX8+CV8 -> 6 | DT8: =+E8+AC8+BA8+BY8+CW8 -> 5 | DU8: =+F8+AD8+BB8+BZ8+CX8 -> 0.5 | DV8: =+G8+AE8+BC8+CA8+CY8 -> 5.5 | DW8: =+H8+AF8+BD8+CB8+CZ8 -> 9.5 | DX8: =+I8+AG8+BE8+CC8+DA8 -> 0 | ... ED8: =+O8+AM8+BK8+CI8+DG8 -> 1.5 | EE8: =SUM(DQ8:ED8) -> 52.5 | EF8: =+Q8+AO8+BM8+CK8+DI8 -> 35.5 | EG8: =+R8+AP8+BN8+CL8+DJ8 -> 0 | EH8: =+S8+AQ8+BO8+CM8+DK8 -> 0 | EI8: =SUM(EE8:EH8) -> 88 | EJ8: =+U8+AS8+BQ8+CO8+DM8 -> 15198.48 | EK8: =+EE8/EJ8 -> 0.0034542928 | EL8: =+EF8/EJ8 -> 0.0023357599
A9: =+A8+1 -> 46206 | P9: =SUM(B9:O9) -> 0 | T9: =SUM(P9:S9) -> 0 | U9: =+'REKAPAN OKEY AYAM'!AC6 -> 0 | V9: =+P9/U9 -> #DIV/0! | W9: =+Q9/U9 -> #DIV/0! | Y9: =+Y8+1 -> 46206 | Z9: =1+1 -> 2 | AB9: =1+1+1+1+1+1+1 -> 7 | AC9: =1+1+1.5+1 -> 4.5 | AD9: 1 | AE9: =1+1+1+1+1+1 -> 6 | AF9: 2 | AH9: =1+1+1.5+1.5+1.5+1 -> 7.5 | AJ9: =1+1+1.5+1 -> 4.5 | AK9: =2+2+1 -> 5 | AL9: =1+1+1+1.5+1.5+1.5 -> 7.5 | AM9: 1 | AN9: =SUM(Z9:AM9) -> 48 | AO9: =4+4+4+5+6+5+6+8 -> 42 | AR9: =SUM(AN9:AQ9) -> 90 | AS9: =+'REKAPAN CHAMP AYAM'!AC6 -> 13509.76 | AT9: =+AN9/AS9 -> 0.0035529869 | AU9: =+AO9/AS9 -> 0.0031088635 | AW9: =+AW8+1 -> 46206 | BL9: =SUM(AX9:BK9) -> 0 | BP9: =SUM(BL9:BO9) -> 0 | BQ9: =+'REKAPAN CHAMP SAPI'!AC6 -> 0 | BR9: =+BL9/BQ9 -> #DIV/0! | BS9: =+BM9/BQ9 -> #DIV/0! | BU9: =+BU8+1 -> 46206 | CJ9: =SUM(BV9:CI9) -> 0 | CN9: =SUM(CJ9:CM9) -> 0 | CO9: =+'REKAPAN CHAMP OTAK-OTAK'!AC6 -> 0 | CP9: =+CJ9/CO9 -> #DIV/0! | CQ9: =+CK9/CO9 -> #DIV/0! | CS9: =+CS8+1 -> 46206 | DH9: =SUM(CT9:DG9) -> 0 | DL9: =SUM(DH9:DK9) -> 0 | DM9: =+'REKAPAN CHAMP OTAK-OTAK'!AY6 -> 0 | DN9: =+DH9/DM9 -> #DIV/0! | DO9: =+DI9/DM9 -> #DIV/0! | DQ9: =+B9+Z9+AX9+BV9+CT9 -> 2 | DR9: =+C9+AA9+AY9+BW9+CU9 -> 0 | DS9: =+D9+AB9+AZ9+BX9+CV9 -> 7 | DT9: =+E9+AC9+BA9+BY9+CW9 -> 4.5 | DU9: =+F9+AD9+BB9+BZ9+CX9 -> 1 | DV9: =+G9+AE9+BC9+CA9+CY9 -> 6 | DW9: =+H9+AF9+BD9+CB9+CZ9 -> 2 | DX9: =+I9+AG9+BE9+CC9+DA9 -> 0 | ... ED9: =+O9+AM9+BK9+CI9+DG9 -> 1 | EE9: =SUM(DQ9:ED9) -> 48 | EF9: =+Q9+AO9+BM9+CK9+DI9 -> 42 | EG9: =+R9+AP9+BN9+CL9+DJ9 -> 0 | EH9: =+S9+AQ9+BO9+CM9+DK9 -> 0 | EI9: =SUM(EE9:EH9) -> 90 | EJ9: =+U9+AS9+BQ9+CO9+DM9 -> 13509.76 | EK9: =+EE9/EJ9 -> 0.0035529869 | EL9: =+EF9/EJ9 -> 0.0031088635
A10: =+A9+1 -> 46207 | P10: =SUM(B10:O10) -> 0 | T10: =SUM(P10:S10) -> 0 | U10: =+'REKAPAN OKEY AYAM'!AC7 -> 0 | V10: =+P10/U10 -> #DIV/0! | W10: =+Q10/U10 -> #DIV/0! | Y10: =+Y9+1 -> 46207 | AN10: =SUM(Z10:AM10) -> 0 | AR10: =SUM(AN10:AQ10) -> 0 | AS10: =+'REKAPAN CHAMP AYAM'!AC7 -> 0 | AT10: =+AN10/AS10 -> #DIV/0! | AU10: =+AO10/AS10 -> #DIV/0! | AW10: =+AW9+1 -> 46207 | BL10: =SUM(AX10:BK10) -> 0 | BP10: =SUM(BL10:BO10) -> 0 | BQ10: =+'REKAPAN CHAMP SAPI'!AC7 -> 0 | BR10: =+BL10/BQ10 -> #DIV/0! | BS10: =+BM10/BQ10 -> #DIV/0! | BU10: =+BU9+1 -> 46207 | CJ10: =SUM(BV10:CI10) -> 0 | CN10: =SUM(CJ10:CM10) -> 0 | CO10: =+'REKAPAN CHAMP OTAK-OTAK'!AC7 -> 0 | CP10: =+CJ10/CO10 -> #DIV/0! | CQ10: =+CK10/CO10 -> #DIV/0! | CS10: =+CS9+1 -> 46207 | DH10: =SUM(CT10:DG10) -> 0 | DL10: =SUM(DH10:DK10) -> 0 | DM10: =+'REKAPAN CHAMP OTAK-OTAK'!AY7 -> 0 | DN10: =+DH10/DM10 -> #DIV/0! | DO10: =+DI10/DM10 -> #DIV/0! | DQ10: =+B10+Z10+AX10+BV10+CT10 -> 0 | DR10: =+C10+AA10+AY10+BW10+CU10 -> 0 | DS10: =+D10+AB10+AZ10+BX10+CV10 -> 0 | DT10: =+E10+AC10+BA10+BY10+CW10 -> 0 | DU10: =+F10+AD10+BB10+BZ10+CX10 -> 0 | DV10: =+G10+AE10+BC10+CA10+CY10 -> 0 | DW10: =+H10+AF10+BD10+CB10+CZ10 -> 0 | DX10: =+I10+AG10+BE10+CC10+DA10 -> 0 | ... ED10: =+O10+AM10+BK10+CI10+DG10 -> 0 | EE10: =SUM(DQ10:ED10) -> 0 | EF10: =+Q10+AO10+BM10+CK10+DI10 -> 0 | EG10: =+R10+AP10+BN10+CL10+DJ10 -> 0 | EH10: =+S10+AQ10+BO10+CM10+DK10 -> 0 | EI10: =SUM(EE10:EH10) -> 0 | EJ10: =+U10+AS10+BQ10+CO10+DM10 -> 0 | EK10: =+EE10/EJ10 -> #DIV/0! | EL10: =+EF10/EJ10 -> #DIV/0!
A11: =+A10+1 -> 46208 | P11: =SUM(B11:O11) -> 0 | T11: =SUM(P11:S11) -> 0 | U11: =+'REKAPAN OKEY AYAM'!AC8 -> 0 | V11: =+P11/U11 -> #DIV/0! | W11: =+Q11/U11 -> #DIV/0! | Y11: =+Y10+1 -> 46208 | AN11: =SUM(Z11:AM11) -> 0 | AR11: =SUM(AN11:AQ11) -> 0 | AS11: =+'REKAPAN CHAMP AYAM'!AC8 -> 0 | AT11: =+AN11/AS11 -> #DIV/0! | AU11: =+AO11/AS11 -> #DIV/0! | AW11: =+AW10+1 -> 46208 | BL11: =SUM(AX11:BK11) -> 0 | BP11: =SUM(BL11:BO11) -> 0 | BQ11: =+'REKAPAN CHAMP SAPI'!AC8 -> 0 | BR11: =+BL11/BQ11 -> #DIV/0! | BS11: =+BM11/BQ11 -> #DIV/0! | BU11: =+BU10+1 -> 46208 | CJ11: =SUM(BV11:CI11) -> 0 | CN11: =SUM(CJ11:CM11) -> 0 | CO11: =+'REKAPAN CHAMP OTAK-OTAK'!AC8 -> 0 | CP11: =+CJ11/CO11 -> #DIV/0! | CQ11: =+CK11/CO11 -> #DIV/0! | CS11: =+CS10+1 -> 46208 | DH11: =SUM(CT11:DG11) -> 0 | DL11: =SUM(DH11:DK11) -> 0 | DM11: =+'REKAPAN CHAMP OTAK-OTAK'!AY8 -> 0 | DN11: =+DH11/DM11 -> #DIV/0! | DO11: =+DI11/DM11 -> #DIV/0! | DQ11: =+B11+Z11+AX11+BV11+CT11 -> 0 | DR11: =+C11+AA11+AY11+BW11+CU11 -> 0 | DS11: =+D11+AB11+AZ11+BX11+CV11 -> 0 | DT11: =+E11+AC11+BA11+BY11+CW11 -> 0 | DU11: =+F11+AD11+BB11+BZ11+CX11 -> 0 | DV11: =+G11+AE11+BC11+CA11+CY11 -> 0 | DW11: =+H11+AF11+BD11+CB11+CZ11 -> 0 | DX11: =+I11+AG11+BE11+CC11+DA11 -> 0 | ... ED11: =+O11+AM11+BK11+CI11+DG11 -> 0 | EE11: =SUM(DQ11:ED11) -> 0 | EF11: =+Q11+AO11+BM11+CK11+DI11 -> 0 | EG11: =+R11+AP11+BN11+CL11+DJ11 -> 0 | EH11: =+S11+AQ11+BO11+CM11+DK11 -> 0 | EI11: =SUM(EE11:EH11) -> 0 | EJ11: =+U11+AS11+BQ11+CO11+DM11 -> 0 | EK11: =+EE11/EJ11 -> #DIV/0! | EL11: =+EF11/EJ11 -> #DIV/0!
A12: =+A11+1 -> 46209 | D12: 5 | G12: 5 | H12: 5 | J12: 5 | P12: =SUM(B12:O12) -> 20 | Q12: 2 | T12: =SUM(P12:S12) -> 22 | U12: =+'REKAPAN OKEY AYAM'!AC9 -> 1578.68 | V12: =+P12/U12 -> 0.012668812 | W12: =+Q12/U12 -> 0.0012668812 | Y12: =+Y11+1 -> 46209 | AN12: =SUM(Z12:AM12) -> 0 | AR12: =SUM(AN12:AQ12) -> 0 | AS12: =+'REKAPAN CHAMP AYAM'!AC9 -> 0 | AT12: =+AN12/AS12 -> #DIV/0! | AU12: =+AO12/AS12 -> #DIV/0! | AW12: =+AW11+1 -> 46209 | BL12: =SUM(AX12:BK12) -> 0 | BP12: =SUM(BL12:BO12) -> 0 | BQ12: =+'REKAPAN CHAMP SAPI'!AC9 -> 0 | BR12: =+BL12/BQ12 -> #DIV/0! | BS12: =+BM12/BQ12 -> #DIV/0! | BU12: =+BU11+1 -> 46209 | CJ12: =SUM(BV12:CI12) -> 0 | CN12: =SUM(CJ12:CM12) -> 0 | CO12: =+'REKAPAN CHAMP OTAK-OTAK'!AC9 -> 0 | CP12: =+CJ12/CO12 -> #DIV/0! | CQ12: =+CK12/CO12 -> #DIV/0! | CS12: =+CS11+1 -> 46209 | DH12: =SUM(CT12:DG12) -> 0 | DL12: =SUM(DH12:DK12) -> 0 | DM12: =+'REKAPAN CHAMP OTAK-OTAK'!AY9 -> 0 | DN12: =+DH12/DM12 -> #DIV/0! | DO12: =+DI12/DM12 -> #DIV/0! | DQ12: =+B12+Z12+AX12+BV12+CT12 -> 0 | DR12: =+C12+AA12+AY12+BW12+CU12 -> 0 | DS12: =+D12+AB12+AZ12+BX12+CV12 -> 5 | DT12: =+E12+AC12+BA12+BY12+CW12 -> 0 | DU12: =+F12+AD12+BB12+BZ12+CX12 -> 0 | DV12: =+G12+AE12+BC12+CA12+CY12 -> 5 | DW12: =+H12+AF12+BD12+CB12+CZ12 -> 5 | DX12: =+I12+AG12+BE12+CC12+DA12 -> 0 | ... ED12: =+O12+AM12+BK12+CI12+DG12 -> 0 | EE12: =SUM(DQ12:ED12) -> 20 | EF12: =+Q12+AO12+BM12+CK12+DI12 -> 2 | EG12: =+R12+AP12+BN12+CL12+DJ12 -> 0 | EH12: =+S12+AQ12+BO12+CM12+DK12 -> 0 | EI12: =SUM(EE12:EH12) -> 22 | EJ12: =+U12+AS12+BQ12+CO12+DM12 -> 1578.68 | EK12: =+EE12/EJ12 -> 0.012668812 | EL12: =+EF12/EJ12 -> 0.0012668812
A13: =+A12+1 -> 46210 | B13: =5+2.5+2+2+2+2+1 -> 16.5 | D13: =5+2.5+2+1+0.5+0.5+1+1.5 -> 14 | E13: =1+0.5+1 -> 2.5 | F13: 1 | G13: =5+2.5+2+2+0.5+2+1.5 -> 15.5 | H13: =2+0.5+1.5 -> 4 | J13: =5+2.5+2+2+2+2+1+1.5 -> 18 | L13: =1+1 -> 2 | M13: =1+0.5 -> 1.5 | N13: =1+0.5+1 -> 2.5 | O13: =0.5+0.5+1 -> 2 | P13: =SUM(B13:O13) -> 79.5 | Q13: =2+5+8+3+4+2.5+1.3+6 -> 31.8 | T13: =SUM(P13:S13) -> 111.3 | U13: =+'REKAPAN OKEY AYAM'!AC10 -> 12629.44 | V13: =+P13/U13 -> 0.0062948159 | W13: =+Q13/U13 -> 0.0025179264 | Y13: =+Y12+1 -> 46210 | AN13: =SUM(Z13:AM13) -> 0 | AR13: =SUM(AN13:AQ13) -> 0 | AS13: =+'REKAPAN CHAMP AYAM'!AC10 -> 0 | AT13: =+AN13/AS13 -> #DIV/0! | AU13: =+AO13/AS13 -> #DIV/0! | AW13: =+AW12+1 -> 46210 | BL13: =SUM(AX13:BK13) -> 0 | BP13: =SUM(BL13:BO13) -> 0 | BQ13: =+'REKAPAN CHAMP SAPI'!AC10 -> 0 | BR13: =+BL13/BQ13 -> #DIV/0! | BS13: =+BM13/BQ13 -> #DIV/0! | BU13: =+BU12+1 -> 46210 | CJ13: =SUM(BV13:CI13) -> 0 | CN13: =SUM(CJ13:CM13) -> 0 | CO13: =+'REKAPAN CHAMP OTAK-OTAK'!AC10 -> 0 | CP13: =+CJ13/CO13 -> #DIV/0! | CQ13: =+CK13/CO13 -> #DIV/0! | CS13: =+CS12+1 -> 46210 | DH13: =SUM(CT13:DG13) -> 0 | DL13: =SUM(DH13:DK13) -> 0 | DM13: =+'REKAPAN CHAMP OTAK-OTAK'!AY10 -> 0 | DN13: =+DH13/DM13 -> #DIV/0! | DO13: =+DI13/DM13 -> #DIV/0! | DQ13: =+B13+Z13+AX13+BV13+CT13 -> 16.5 | DR13: =+C13+AA13+AY13+BW13+CU13 -> 0 | DS13: =+D13+AB13+AZ13+BX13+CV13 -> 14 | DT13: =+E13+AC13+BA13+BY13+CW13 -> 2.5 | DU13: =+F13+AD13+BB13+BZ13+CX13 -> 1 | DV13: =+G13+AE13+BC13+CA13+CY13 -> 15.5 | DW13: =+H13+AF13+BD13+CB13+CZ13 -> 4 | DX13: =+I13+AG13+BE13+CC13+DA13 -> 0 | ... ED13: =+O13+AM13+BK13+CI13+DG13 -> 2 | EE13: =SUM(DQ13:ED13) -> 79.5 | EF13: =+Q13+AO13+BM13+CK13+DI13 -> 31.8 | EG13: =+R13+AP13+BN13+CL13+DJ13 -> 0 | EH13: =+S13+AQ13+BO13+CM13+DK13 -> 0 | EI13: =SUM(EE13:EH13) -> 111.3 | EJ13: =+U13+AS13+BQ13+CO13+DM13 -> 12629.44 | EK13: =+EE13/EJ13 -> 0.0062948159 | EL13: =+EF13/EJ13 -> 0.0025179264
A14: =+A13+1 -> 46211 | B14: =1+0.5+0.5+1+2+2.5+1 -> 8.5 | D14: =1+0.5+0.5+0.5+0.5+0.5+0.5+2 -> 6 | E14: =0.5+0.5+0.5+0.5+0.5+0.5+2 -> 5 | F14: =0.5+0.5+0.5+0.5+0.5 -> 2.5 | G14: =2+2+0.5+0.5+0.5+0.5+2 -> 8 | H14: 5 | J14: =1.5+1+1+0.5+0.5+0.5+0.5+0.5+2 -> 8 | K14: =0.5+0.5+0.5+1 -> 2.5 | L14: =0.5+0.5+0.5+1 -> 2.5 | M14: =1+0.5+0.5 -> 2 | N14: =0.5+0.5+0.5+0.5+0.5 -> 2.5 | O14: 0.5 | P14: =SUM(B14:O14) -> 53 | Q14: =1+2+3+3.5+2.5+2+2.5+4+2 -> 22.5 | T14: =SUM(P14:S14) -> 75.5 | U14: =+'REKAPAN OKEY AYAM'!AC11 -> 14208.12 | V14: =+P14/U14 -> 0.0037302613 | W14: =+Q14/U14 -> 0.0015836015 | Y14: =+Y13+1 -> 46211 | AN14: =SUM(Z14:AM14) -> 0 | AR14: =SUM(AN14:AQ14) -> 0 | AS14: =+'REKAPAN CHAMP AYAM'!AC11 -> 0 | AT14: =+AN14/AS14 -> #DIV/0! | AU14: =+AO14/AS14 -> #DIV/0! | AW14: =+AW13+1 -> 46211 | BL14: =SUM(AX14:BK14) -> 0 | BP14: =SUM(BL14:BO14) -> 0 | BQ14: =+'REKAPAN CHAMP SAPI'!AC11 -> 0 | BR14: =+BL14/BQ14 -> #DIV/0! | BS14: =+BM14/BQ14 -> #DIV/0! | BU14: =+BU13+1 -> 46211 | CJ14: =SUM(BV14:CI14) -> 0 | CN14: =SUM(CJ14:CM14) -> 0 | CO14: =+'REKAPAN CHAMP OTAK-OTAK'!AC11 -> 0 | CP14: =+CJ14/CO14 -> #DIV/0! | CQ14: =+CK14/CO14 -> #DIV/0! | CS14: =+CS13+1 -> 46211 | DH14: =SUM(CT14:DG14) -> 0 | DL14: =SUM(DH14:DK14) -> 0 | DM14: =+'REKAPAN CHAMP OTAK-OTAK'!AY11 -> 0 | DN14: =+DH14/DM14 -> #DIV/0! | DO14: =+DI14/DM14 -> #DIV/0! | DQ14: =+B14+Z14+AX14+BV14+CT14 -> 8.5 | DR14: =+C14+AA14+AY14+BW14+CU14 -> 0 | DS14: =+D14+AB14+AZ14+BX14+CV14 -> 6 | DT14: =+E14+AC14+BA14+BY14+CW14 -> 5 | DU14: =+F14+AD14+BB14+BZ14+CX14 -> 2.5 | DV14: =+G14+AE14+BC14+CA14+CY14 -> 8 | DW14: =+H14+AF14+BD14+CB14+CZ14 -> 5 | DX14: =+I14+AG14+BE14+CC14+DA14 -> 0 | ... ED14: =+O14+AM14+BK14+CI14+DG14 -> 0.5 | EE14: =SUM(DQ14:ED14) -> 53 | EF14: =+Q14+AO14+BM14+CK14+DI14 -> 22.5 | EG14: =+R14+AP14+BN14+CL14+DJ14 -> 0 | EH14: =+S14+AQ14+BO14+CM14+DK14 -> 0 | EI14: =SUM(EE14:EH14) -> 75.5 | EJ14: =+U14+AS14+BQ14+CO14+DM14 -> 14208.12 | EK14: =+EE14/EJ14 -> 0.0037302613 | EL14: =+EF14/EJ14 -> 0.0015836015
A15: =+A14+1 -> 46212 | B15: =1+1+1.5+2+2+0.5 -> 8 | D15: =1.5+1+1.5+0.5+0.5+0.5+2.5 -> 8 | E15: =1.5+1+1+0.5+1+0.5+1+1+0.5 -> 8 | F15: =1.5+0.5+1+0.5 -> 3.5 | G15: =1.5+1+1+0.5+1+0.5+0.5+0.5 -> 6.5 | H15: =1+0.5+2+0.5+0.5 -> 4.5 | J15: =1.5+1+1+0.5+1+0.5+0.5 -> 6 | K15: =1+0.5 -> 1.5 | L15: =1+0.5+0.5 -> 2 | M15: =1.5+0.5+0.5 -> 2.5 | N15: =1+0.5+0.5 -> 2 | O15: =0.5+0.5+0.5 -> 1.5 | P15: =SUM(B15:O15) -> 54 | Q15: =5+4+3+4+2.5+2.5+2+3+2+2 -> 30 | T15: =SUM(P15:S15) -> 84 | U15: =+'REKAPAN OKEY AYAM'!AC12 -> 14208.12 | V15: =+P15/U15 -> 0.0038006436 | W15: =+Q15/U15 -> 0.0021114687 | Y15: =+Y14+1 -> 46212 | AN15: =SUM(Z15:AM15) -> 0 | AR15: =SUM(AN15:AQ15) -> 0 | AS15: =+'REKAPAN CHAMP AYAM'!AC12 -> 0 | AT15: =+AN15/AS15 -> #DIV/0! | AU15: =+AO15/AS15 -> #DIV/0! | AW15: =+AW14+1 -> 46212 | BL15: =SUM(AX15:BK15) -> 0 | BP15: =SUM(BL15:BO15) -> 0 | BQ15: =+'REKAPAN CHAMP SAPI'!AC12 -> 0 | BR15: =+BL15/BQ15 -> #DIV/0! | BS15: =+BM15/BQ15 -> #DIV/0! | BU15: =+BU14+1 -> 46212 | CJ15: =SUM(BV15:CI15) -> 0 | CN15: =SUM(CJ15:CM15) -> 0 | CO15: =+'REKAPAN CHAMP OTAK-OTAK'!AC12 -> 0 | CP15: =+CJ15/CO15 -> #DIV/0! | CQ15: =+CK15/CO15 -> #DIV/0! | CS15: =+CS14+1 -> 46212 | DH15: =SUM(CT15:DG15) -> 0 | DL15: =SUM(DH15:DK15) -> 0 | DM15: =+'REKAPAN CHAMP OTAK-OTAK'!AY12 -> 0 | DN15: =+DH15/DM15 -> #DIV/0! | DO15: =+DI15/DM15 -> #DIV/0! | DQ15: =+B15+Z15+AX15+BV15+CT15 -> 8 | DR15: =+C15+AA15+AY15+BW15+CU15 -> 0 | DS15: =+D15+AB15+AZ15+BX15+CV15 -> 8 | DT15: =+E15+AC15+BA15+BY15+CW15 -> 8 | DU15: =+F15+AD15+BB15+BZ15+CX15 -> 3.5 | DV15: =+G15+AE15+BC15+CA15+CY15 -> 6.5 | DW15: =+H15+AF15+BD15+CB15+CZ15 -> 4.5 | DX15: =+I15+AG15+BE15+CC15+DA15 -> 0 | ... ED15: =+O15+AM15+BK15+CI15+DG15 -> 1.5 | EE15: =SUM(DQ15:ED15) -> 54 | EF15: =+Q15+AO15+BM15+CK15+DI15 -> 30 | EG15: =+R15+AP15+BN15+CL15+DJ15 -> 0 | EH15: =+S15+AQ15+BO15+CM15+DK15 -> 0 | EI15: =SUM(EE15:EH15) -> 84 | EJ15: =+U15+AS15+BQ15+CO15+DM15 -> 14208.12 | EK15: =+EE15/EJ15 -> 0.0038006436 | EL15: =+EF15/EJ15 -> 0.0021114687
A16: =+A15+1 -> 46213 | B16: =1+2.5+1+1+1+0.5+0.5 -> 7.5 | D16: =1+3+2.5+1+0.5+0.5+0.5 -> 9 | E16: =1+0.5+0.5+0.5+0.5 -> 3 | F16: =1+0.5 -> 1.5 | G16: =1+1.5+0.5+0.5+0.5+0.5+0.5 -> 5 | H16: =1+0.5+0.5+0.5+0.5 -> 3 | J16: =1+1.5+1+0.5+0.5+0.5+0.5 -> 5.5 | K16: =1+0.5 -> 1.5 | L16: 0.5 | M16: =1+1+0.5 -> 2.5 | N16: =0.5+0.5 -> 1 | O16: =0.5+0.5+0.5+0.5 -> 2 | P16: =SUM(B16:O16) -> 42 | Q16: =5+5+5+4+3.5+2+2.5+2.5+2 -> 31.5 | T16: =SUM(P16:S16) -> 73.5 | U16: =+'REKAPAN OKEY AYAM'!AC13 -> 14208.12 | V16: =+P16/U16 -> 0.0029560561 | W16: =+Q16/U16 -> 0.0022170421 | Y16: =+Y15+1 -> 46213 | AN16: =SUM(Z16:AM16) -> 0 | AR16: =SUM(AN16:AQ16) -> 0 | AS16: =+'REKAPAN CHAMP AYAM'!AC13 -> 0 | AT16: =+AN16/AS16 -> #DIV/0! | AU16: =+AO16/AS16 -> #DIV/0! | AW16: =+AW15+1 -> 46213 | BL16: =SUM(AX16:BK16) -> 0 | BP16: =SUM(BL16:BO16) -> 0 | BQ16: =+'REKAPAN CHAMP SAPI'!AC13 -> 0 | BR16: =+BL16/BQ16 -> #DIV/0! | BS16: =+BM16/BQ16 -> #DIV/0! | BU16: =+BU15+1 -> 46213 | CJ16: =SUM(BV16:CI16) -> 0 | CN16: =SUM(CJ16:CM16) -> 0 | CO16: =+'REKAPAN CHAMP OTAK-OTAK'!AC13 -> 0 | CP16: =+CJ16/CO16 -> #DIV/0! | CQ16: =+CK16/CO16 -> #DIV/0! | CS16: =+CS15+1 -> 46213 | DH16: =SUM(CT16:DG16) -> 0 | DL16: =SUM(DH16:DK16) -> 0 | DM16: =+'REKAPAN CHAMP OTAK-OTAK'!AY13 -> 0 | DN16: =+DH16/DM16 -> #DIV/0! | DO16: =+DI16/DM16 -> #DIV/0! | DQ16: =+B16+Z16+AX16+BV16+CT16 -> 7.5 | DR16: =+C16+AA16+AY16+BW16+CU16 -> 0 | DS16: =+D16+AB16+AZ16+BX16+CV16 -> 9 | DT16: =+E16+AC16+BA16+BY16+CW16 -> 3 | DU16: =+F16+AD16+BB16+BZ16+CX16 -> 1.5 | DV16: =+G16+AE16+BC16+CA16+CY16 -> 5 | DW16: =+H16+AF16+BD16+CB16+CZ16 -> 3 | DX16: =+I16+AG16+BE16+CC16+DA16 -> 0 | ... ED16: =+O16+AM16+BK16+CI16+DG16 -> 2 | EE16: =SUM(DQ16:ED16) -> 42 | EF16: =+Q16+AO16+BM16+CK16+DI16 -> 31.5 | EG16: =+R16+AP16+BN16+CL16+DJ16 -> 0 | EH16: =+S16+AQ16+BO16+CM16+DK16 -> 0 | EI16: =SUM(EE16:EH16) -> 73.5 | EJ16: =+U16+AS16+BQ16+CO16+DM16 -> 14208.12 | EK16: =+EE16/EJ16 -> 0.0029560561 | EL16: =+EF16/EJ16 -> 0.0022170421
A17: =+A16+1 -> 46214 | P17: =SUM(B17:O17) -> 0 | T17: =SUM(P17:S17) -> 0 | U17: =+'REKAPAN OKEY AYAM'!AC14 -> 0 | V17: =+P17/U17 -> #DIV/0! | W17: =+Q17/U17 -> #DIV/0! | Y17: =+Y16+1 -> 46214 | AN17: =SUM(Z17:AM17) -> 0 | AR17: =SUM(AN17:AQ17) -> 0 | AS17: =+'REKAPAN CHAMP AYAM'!AC14 -> 0 | AT17: =+AN17/AS17 -> #DIV/0! | AU17: =+AO17/AS17 -> #DIV/0! | AW17: =+AW16+1 -> 46214 | BL17: =SUM(AX17:BK17) -> 0 | BP17: =SUM(BL17:BO17) -> 0 | BQ17: =+'REKAPAN CHAMP SAPI'!AC14 -> 0 | BR17: =+BL17/BQ17 -> #DIV/0! | BS17: =+BM17/BQ17 -> #DIV/0! | BU17: =+BU16+1 -> 46214 | CJ17: =SUM(BV17:CI17) -> 0 | CN17: =SUM(CJ17:CM17) -> 0 | CO17: =+'REKAPAN CHAMP OTAK-OTAK'!AC14 -> 0 | CP17: =+CJ17/CO17 -> #DIV/0! | CQ17: =+CK17/CO17 -> #DIV/0! | CS17: =+CS16+1 -> 46214 | DH17: =SUM(CT17:DG17) -> 0 | DL17: =SUM(DH17:DK17) -> 0 | DM17: =+'REKAPAN CHAMP OTAK-OTAK'!AY14 -> 0 | DN17: =+DH17/DM17 -> #DIV/0! | DO17: =+DI17/DM17 -> #DIV/0! | DQ17: =+B17+Z17+AX17+BV17+CT17 -> 0 | DR17: =+C17+AA17+AY17+BW17+CU17 -> 0 | DS17: =+D17+AB17+AZ17+BX17+CV17 -> 0 | DT17: =+E17+AC17+BA17+BY17+CW17 -> 0 | DU17: =+F17+AD17+BB17+BZ17+CX17 -> 0 | DV17: =+G17+AE17+BC17+CA17+CY17 -> 0 | DW17: =+H17+AF17+BD17+CB17+CZ17 -> 0 | DX17: =+I17+AG17+BE17+CC17+DA17 -> 0 | ... ED17: =+O17+AM17+BK17+CI17+DG17 -> 0 | EE17: =SUM(DQ17:ED17) -> 0 | EF17: =+Q17+AO17+BM17+CK17+DI17 -> 0 | EG17: =+R17+AP17+BN17+CL17+DJ17 -> 0 | EH17: =+S17+AQ17+BO17+CM17+DK17 -> 0 | EI17: =SUM(EE17:EH17) -> 0 | EJ17: =+U17+AS17+BQ17+CO17+DM17 -> 0 | EK17: =+EE17/EJ17 -> #DIV/0! | EL17: =+EF17/EJ17 -> #DIV/0!
A18: =+A17+1 -> 46215 | P18: =SUM(B18:O18) -> 0 | T18: =SUM(P18:S18) -> 0 | U18: =+'REKAPAN OKEY AYAM'!AC15 -> 0 | V18: =+P18/U18 -> #DIV/0! | W18: =+Q18/U18 -> #DIV/0! | Y18: =+Y17+1 -> 46215 | AN18: =SUM(Z18:AM18) -> 0 | AR18: =SUM(AN18:AQ18) -> 0 | AS18: =+'REKAPAN CHAMP AYAM'!AC15 -> 0 | AT18: =+AN18/AS18 -> #DIV/0! | AU18: =+AO18/AS18 -> #DIV/0! | AW18: =+AW17+1 -> 46215 | BL18: =SUM(AX18:BK18) -> 0 | BP18: =SUM(BL18:BO18) -> 0 | BQ18: =+'REKAPAN CHAMP SAPI'!AC15 -> 0 | BR18: =+BL18/BQ18 -> #DIV/0! | BS18: =+BM18/BQ18 -> #DIV/0! | BU18: =+BU17+1 -> 46215 | CJ18: =SUM(BV18:CI18) -> 0 | CN18: =SUM(CJ18:CM18) -> 0 | CO18: =+'REKAPAN CHAMP OTAK-OTAK'!AC15 -> 0 | CP18: =+CJ18/CO18 -> #DIV/0! | CQ18: =+CK18/CO18 -> #DIV/0! | CS18: =+CS17+1 -> 46215 | DH18: =SUM(CT18:DG18) -> 0 | DL18: =SUM(DH18:DK18) -> 0 | DM18: =+'REKAPAN CHAMP OTAK-OTAK'!AY15 -> 0 | DN18: =+DH18/DM18 -> #DIV/0! | DO18: =+DI18/DM18 -> #DIV/0! | DQ18: =+B18+Z18+AX18+BV18+CT18 -> 0 | DR18: =+C18+AA18+AY18+BW18+CU18 -> 0 | DS18: =+D18+AB18+AZ18+BX18+CV18 -> 0 | DT18: =+E18+AC18+BA18+BY18+CW18 -> 0 | DU18: =+F18+AD18+BB18+BZ18+CX18 -> 0 | DV18: =+G18+AE18+BC18+CA18+CY18 -> 0 | DW18: =+H18+AF18+BD18+CB18+CZ18 -> 0 | DX18: =+I18+AG18+BE18+CC18+DA18 -> 0 | ... ED18: =+O18+AM18+BK18+CI18+DG18 -> 0 | EE18: =SUM(DQ18:ED18) -> 0 | EF18: =+Q18+AO18+BM18+CK18+DI18 -> 0 | EG18: =+R18+AP18+BN18+CL18+DJ18 -> 0 | EH18: =+S18+AQ18+BO18+CM18+DK18 -> 0 | EI18: =SUM(EE18:EH18) -> 0 | EJ18: =+U18+AS18+BQ18+CO18+DM18 -> 0 | EK18: =+EE18/EJ18 -> #DIV/0! | EL18: =+EF18/EJ18 -> #DIV/0!
A19: =+A18+1 -> 46216 | P19: =SUM(B19:O19) -> 0 | T19: =SUM(P19:S19) -> 0 | U19: =+'REKAPAN OKEY AYAM'!AC16 -> 0 | V19: =+P19/U19 -> #DIV/0! | W19: =+Q19/U19 -> #DIV/0! | Y19: =+Y18+1 -> 46216 | Z19: 0.5 | AB19: 0.5 | AF19: 0.5 | AH19: 0.5 | AJ19: 0.5 | AN19: =SUM(Z19:AM19) -> 2.5 | AO19: 2.5 | AR19: =SUM(AN19:AQ19) -> 5 | AS19: =+'REKAPAN CHAMP AYAM'!AC16 -> 1688.72 | AT19: =+AN19/AS19 -> 0.0014804112 | AU19: =+AO19/AS19 -> 0.0014804112 | AW19: =+AW18+1 -> 46216 | BL19: =SUM(AX19:BK19) -> 0 | BP19: =SUM(BL19:BO19) -> 0 | BQ19: =+'REKAPAN CHAMP SAPI'!AC16 -> 0 | BR19: =+BL19/BQ19 -> #DIV/0! | BS19: =+BM19/BQ19 -> #DIV/0! | BU19: =+BU18+1 -> 46216 | CJ19: =SUM(BV19:CI19) -> 0 | CN19: =SUM(CJ19:CM19) -> 0 | CO19: =+'REKAPAN CHAMP OTAK-OTAK'!AC16 -> 0 | CP19: =+CJ19/CO19 -> #DIV/0! | CQ19: =+CK19/CO19 -> #DIV/0! | CS19: =+CS18+1 -> 46216 | DH19: =SUM(CT19:DG19) -> 0 | DL19: =SUM(DH19:DK19) -> 0 | DM19: =+'REKAPAN CHAMP OTAK-OTAK'!AY16 -> 0 | DN19: =+DH19/DM19 -> #DIV/0! | DO19: =+DI19/DM19 -> #DIV/0! | DQ19: =+B19+Z19+AX19+BV19+CT19 -> 0.5 | DR19: =+C19+AA19+AY19+BW19+CU19 -> 0 | DS19: =+D19+AB19+AZ19+BX19+CV19 -> 0.5 | DT19: =+E19+AC19+BA19+BY19+CW19 -> 0 | DU19: =+F19+AD19+BB19+BZ19+CX19 -> 0 | DV19: =+G19+AE19+BC19+CA19+CY19 -> 0 | DW19: =+H19+AF19+BD19+CB19+CZ19 -> 0.5 | DX19: =+I19+AG19+BE19+CC19+DA19 -> 0 | ... ED19: =+O19+AM19+BK19+CI19+DG19 -> 0 | EE19: =SUM(DQ19:ED19) -> 2.5 | EF19: =+Q19+AO19+BM19+CK19+DI19 -> 2.5 | EG19: =+R19+AP19+BN19+CL19+DJ19 -> 0 | EH19: =+S19+AQ19+BO19+CM19+DK19 -> 0 | EI19: =SUM(EE19:EH19) -> 5 | EJ19: =+U19+AS19+BQ19+CO19+DM19 -> 1688.72 | EK19: =+EE19/EJ19 -> 0.0014804112 | EL19: =+EF19/EJ19 -> 0.0014804112
A20: =+A19+1 -> 46217 | P20: =SUM(B20:O20) -> 0 | T20: =SUM(P20:S20) -> 0 | U20: =+'REKAPAN OKEY AYAM'!AC17 -> 0 | V20: =+P20/U20 -> #DIV/0! | W20: =+Q20/U20 -> #DIV/0! | Y20: =+Y19+1 -> 46217 | Z20: =2+2.5+5+5+1 -> 15.5 | AB20: =1+0.5+1+1+1.5+2.5+1+2 -> 10.5 | AC20: 1 | AD20: =0.5+1+1.5+1+1 -> 5 | AE20: =0.5+1+1+1 -> 3.5 | AF20: =1+0.5+1+1+1+1+1 -> 6.5 | AH20: =1+0.5+1+1.5+1 -> 5 | AI20: =1+2.5+1+1 -> 5.5 | AJ20: =1+0.5+1+1+1.5+1+1 -> 7 | AK20: =1+1+1+1 -> 4 | AL20: =0.5+1+1+1 -> 3.5 | AM20: =2.5+1+1 -> 4.5 | AN20: =SUM(Z20:AM20) -> 71.5 | AO20: =4+2.5+3+5+5+6+10+10+4.5 -> 50 | AR20: =SUM(AN20:AQ20) -> 121.5 | AS20: =+'REKAPAN CHAMP AYAM'!AC17 -> 15198.48 | AT20: =+AN20/AS20 -> 0.0047044178 | AU20: =+AO20/AS20 -> 0.0032898027 | AW20: =+AW19+1 -> 46217 | BL20: =SUM(AX20:BK20) -> 0 | BP20: =SUM(BL20:BO20) -> 0 | BQ20: =+'REKAPAN CHAMP SAPI'!AC17 -> 0 | BR20: =+BL20/BQ20 -> #DIV/0! | BS20: =+BM20/BQ20 -> #DIV/0! | BU20: =+BU19+1 -> 46217 | CJ20: =SUM(BV20:CI20) -> 0 | CN20: =SUM(CJ20:CM20) -> 0 | CO20: =+'REKAPAN CHAMP OTAK-OTAK'!AC17 -> 0 | CP20: =+CJ20/CO20 -> #DIV/0! | CQ20: =+CK20/CO20 -> #DIV/0! | CS20: =+CS19+1 -> 46217 | DH20: =SUM(CT20:DG20) -> 0 | DL20: =SUM(DH20:DK20) -> 0 | DM20: =+'REKAPAN CHAMP OTAK-OTAK'!AY17 -> 0 | DN20: =+DH20/DM20 -> #DIV/0! | DO20: =+DI20/DM20 -> #DIV/0! | DQ20: =+B20+Z20+AX20+BV20+CT20 -> 15.5 | DR20: =+C20+AA20+AY20+BW20+CU20 -> 0 | DS20: =+D20+AB20+AZ20+BX20+CV20 -> 10.5 | DT20: =+E20+AC20+BA20+BY20+CW20 -> 1 | DU20: =+F20+AD20+BB20+BZ20+CX20 -> 5 | DV20: =+G20+AE20+BC20+CA20+CY20 -> 3.5 | DW20: =+H20+AF20+BD20+CB20+CZ20 -> 6.5 | DX20: =+I20+AG20+BE20+CC20+DA20 -> 0 | ... ED20: =+O20+AM20+BK20+CI20+DG20 -> 4.5 | EE20: =SUM(DQ20:ED20) -> 71.5 | EF20: =+Q20+AO20+BM20+CK20+DI20 -> 50 | EG20: =+R20+AP20+BN20+CL20+DJ20 -> 0 | EH20: =+S20+AQ20+BO20+CM20+DK20 -> 0 | EI20: =SUM(EE20:EH20) -> 121.5 | EJ20: =+U20+AS20+BQ20+CO20+DM20 -> 15198.48 | EK20: =+EE20/EJ20 -> 0.0047044178 | EL20: =+EF20/EJ20 -> 0.0032898027
A21: =+A20+1 -> 46218 | P21: =SUM(B21:O21) -> 0 | T21: =SUM(P21:S21) -> 0 | U21: =+'REKAPAN OKEY AYAM'!AC18 -> 0 | V21: =+P21/U21 -> #DIV/0! | W21: =+Q21/U21 -> #DIV/0! | Y21: =+Y20+1 -> 46218 | Z21: =1+1.5+4+2 -> 8.5 | AB21: =1+2+2+3+1.5+1.5+4+2+2 -> 19 | AC21: =1+2+2 -> 5 | AD21: =1+1+1+1.5+1.5+1 -> 7 | AE21: =2+2+2+2 -> 8 | AF21: =2+2+2+2+1.5+1.5+2+2 -> 15 | AH21: =1+1.5+1.5 -> 4 | AI21: =1.5+2 -> 3.5 | AJ21: =1+1 -> 2 | AK21: =1+1+1+1.5+1.5 -> 6 | AL21: =1+1+2 -> 4 | AM21: =1+1 -> 2 | AN21: =SUM(Z21:AM21) -> 84 | AO21: =3+3+3+2.5+5+10+10+10+5 -> 51.5 | AR21: =SUM(AN21:AQ21) -> 135.5 | AS21: =+'REKAPAN CHAMP AYAM'!AC18 -> 15198.48 | AT21: =+AN21/AS21 -> 0.0055268685 | AU21: =+AO21/AS21 -> 0.0033884967 | AW21: =+AW20+1 -> 46218 | AX21: 2 | AZ21: 3 | BC21: 3 | BD21: 2 | BI21: 1 | BJ21: 1 | BL21: =SUM(AX21:BK21) -> 12 | BM21: 4 | BP21: =SUM(BL21:BO21) -> 16 | BQ21: =+'REKAPAN CHAMP SAPI'!AC18 -> 1754.712 | BR21: =+BL21/BQ21 -> 0.0068387291 | BS21: =+BM21/BQ21 -> 0.0022795764 | BU21: =+BU20+1 -> 46218 | CJ21: =SUM(BV21:CI21) -> 0 | CN21: =SUM(CJ21:CM21) -> 0 | CO21: =+'REKAPAN CHAMP OTAK-OTAK'!AC18 -> 0 | CP21: =+CJ21/CO21 -> #DIV/0! | CQ21: =+CK21/CO21 -> #DIV/0! | CS21: =+CS20+1 -> 46218 | DH21: =SUM(CT21:DG21) -> 0 | DL21: =SUM(DH21:DK21) -> 0 | DM21: =+'REKAPAN CHAMP OTAK-OTAK'!AY18 -> 0 | DN21: =+DH21/DM21 -> #DIV/0! | DO21: =+DI21/DM21 -> #DIV/0! | DQ21: =+B21+Z21+AX21+BV21+CT21 -> 10.5 | DR21: =+C21+AA21+AY21+BW21+CU21 -> 0 | DS21: =+D21+AB21+AZ21+BX21+CV21 -> 22 | DT21: =+E21+AC21+BA21+BY21+CW21 -> 5 | DU21: =+F21+AD21+BB21+BZ21+CX21 -> 7 | DV21: =+G21+AE21+BC21+CA21+CY21 -> 11 | DW21: =+H21+AF21+BD21+CB21+CZ21 -> 17 | DX21: =+I21+AG21+BE21+CC21+DA21 -> 0 | ... ED21: =+O21+AM21+BK21+CI21+DG21 -> 2 | EE21: =SUM(DQ21:ED21) -> 96 | EF21: =+Q21+AO21+BM21+CK21+DI21 -> 55.5 | EG21: =+R21+AP21+BN21+CL21+DJ21 -> 0 | EH21: =+S21+AQ21+BO21+CM21+DK21 -> 0 | EI21: =SUM(EE21:EH21) -> 151.5 | EJ21: =+U21+AS21+BQ21+CO21+DM21 -> 16953.192 | EK21: =+EE21/EJ21 -> 0.0056626504 | EL21: =+EF21/EJ21 -> 0.0032737198
A22: =+A21+1 -> 46219 | P22: =SUM(B22:O22) -> 0 | T22: =SUM(P22:S22) -> 0 | U22: =+'REKAPAN OKEY AYAM'!AC19 -> 0 | V22: =+P22/U22 -> #DIV/0! | W22: =+Q22/U22 -> #DIV/0! | Y22: =+Y21+1 -> 46219 | Z22: 1 | AB22: 2 | AC22: 2 | AD22: 1 | AE22: 2 | AF22: 1 | AH22: 1 | AJ22: 1 | AL22: 1 | AN22: =SUM(Z22:AM22) -> 12 | AO22: 5 | AR22: =SUM(AN22:AQ22) -> 17 | AS22: =+'REKAPAN CHAMP AYAM'!AC19 -> 1688.72 | AT22: =+AN22/AS22 -> 0.0071059738 | AU22: =+AO22/AS22 -> 0.0029608224 | AW22: =+AW21+1 -> 46219 | AX22: =1+1+1+1+1+1+1.5+1 -> 8.5 | AZ22: =2+2+3+3+4+1+1+1.5+1 -> 18.5 | BA22: =1+1 -> 2 | BB22: =1+1+1+1+1 -> 5 | BC22: =1+1+3+2+1+1+1 -> 10 | BD22: =1+3+2+1+1+1+1+1 -> 11 | BF22: =2+1 -> 3 | BG22: 1 | BI22: =1+1 -> 2 | BJ22: =1+1 -> 2 | BL22: =SUM(AX22:BK22) -> 63 | BM22: =4+2+6+4+10+10+8+5+10+5+10 -> 74 | BP22: =SUM(BL22:BO22) -> 137 | BQ22: =+'REKAPAN CHAMP SAPI'!AC19 -> 15792.408 | BR22: =+BL22/BQ22 -> 0.0039892586 | BS22: =+BM22/BQ22 -> 0.0046857959 | BU22: =+BU21+1 -> 46219 | CJ22: =SUM(BV22:CI22) -> 0 | CN22: =SUM(CJ22:CM22) -> 0 | CO22: =+'REKAPAN CHAMP OTAK-OTAK'!AC19 -> 0 | CP22: =+CJ22/CO22 -> #DIV/0! | CQ22: =+CK22/CO22 -> #DIV/0! | CS22: =+CS21+1 -> 46219 | DH22: =SUM(CT22:DG22) -> 0 | DL22: =SUM(DH22:DK22) -> 0 | DM22: =+'REKAPAN CHAMP OTAK-OTAK'!AY19 -> 0 | DN22: =+DH22/DM22 -> #DIV/0! | DO22: =+DI22/DM22 -> #DIV/0! | DQ22: =+B22+Z22+AX22+BV22+CT22 -> 9.5 | DR22: =+C22+AA22+AY22+BW22+CU22 -> 0 | DS22: =+D22+AB22+AZ22+BX22+CV22 -> 20.5 | DT22: =+E22+AC22+BA22+BY22+CW22 -> 4 | DU22: =+F22+AD22+BB22+BZ22+CX22 -> 6 | DV22: =+G22+AE22+BC22+CA22+CY22 -> 12 | DW22: =+H22+AF22+BD22+CB22+CZ22 -> 12 | DX22: =+I22+AG22+BE22+CC22+DA22 -> 0 | ... ED22: =+O22+AM22+BK22+CI22+DG22 -> 0 | EE22: =SUM(DQ22:ED22) -> 75 | EF22: =+Q22+AO22+BM22+CK22+DI22 -> 79 | EG22: =+R22+AP22+BN22+CL22+DJ22 -> 0 | EH22: =+S22+AQ22+BO22+CM22+DK22 -> 0 | EI22: =SUM(EE22:EH22) -> 154 | EJ22: =+U22+AS22+BQ22+CO22+DM22 -> 17481.128 | EK22: =+EE22/EJ22 -> 0.004290341 | EL22: =+EF22/EJ22 -> 0.0045191592
A23: =+A22+1 -> 46220 | B23: =0.5+0.5+0.5 -> 1.5 | D23: =0.5+0.5+0.5+1 -> 2.5 | E23: =0.5+0.5 -> 1 | F23: =0.5+0.5+0.5 -> 1.5 | G23: 0.5 | H23: =0.5+0.5+0.5 -> 1.5 | J23: =0.5+0.5 -> 1 | K23: =0.5+0.5+0.5+0.5 -> 2 | L23: =0.5+0.5 -> 1 | M23: =0.5+0.5 -> 1 | N23: 0.5 | O23: =0.5+0.5+0.5+0.5 -> 2 | P23: =SUM(B23:O23) -> 16 | Q23: =2.5+2+1.5+3+2 -> 11 | T23: =SUM(P23:S23) -> 27 | U23: =+'REKAPAN OKEY AYAM'!AC20 -> 7893.4 | V23: =+P23/U23 -> 0.0020270099 | W23: =+Q23/U23 -> 0.0013935693 | Y23: =+Y22+1 -> 46220 | AB23: =2+2 -> 4 | AC23: =2+2 -> 4 | AD23: 1 | AE23: =1+1 -> 2 | AF23: =1+1 -> 2 | AH23: =1+1 -> 2 | AI23: =1+1 -> 2 | AL23: =1+1 -> 2 | AN23: =SUM(Z23:AM23) -> 19 | AO23: =3+3 -> 6 | AR23: =SUM(AN23:AQ23) -> 25 | AS23: =+'REKAPAN CHAMP AYAM'!AC20 -> 3377.44 | AT23: =+AN23/AS23 -> 0.0056255626 | AU23: =+AO23/AS23 -> 0.0017764934 | AW23: =+AW22+1 -> 46220 | BL23: =SUM(AX23:BK23) -> 0 | BP23: =SUM(BL23:BO23) -> 0 | BQ23: =+'REKAPAN CHAMP SAPI'!AC20 -> 0 | BR23: =+BL23/BQ23 -> #DIV/0! | BS23: =+BM23/BQ23 -> #DIV/0! | BU23: =+BU22+1 -> 46220 | CJ23: =SUM(BV23:CI23) -> 0 | CN23: =SUM(CJ23:CM23) -> 0 | CO23: =+'REKAPAN CHAMP OTAK-OTAK'!AC20 -> 0 | CP23: =+CJ23/CO23 -> #DIV/0! | CQ23: =+CK23/CO23 -> #DIV/0! | CS23: =+CS22+1 -> 46220 | DH23: =SUM(CT23:DG23) -> 0 | DL23: =SUM(DH23:DK23) -> 0 | DM23: =+'REKAPAN CHAMP OTAK-OTAK'!AY20 -> 0 | DN23: =+DH23/DM23 -> #DIV/0! | DO23: =+DI23/DM23 -> #DIV/0! | DQ23: =+B23+Z23+AX23+BV23+CT23 -> 1.5 | DR23: =+C23+AA23+AY23+BW23+CU23 -> 0 | DS23: =+D23+AB23+AZ23+BX23+CV23 -> 6.5 | DT23: =+E23+AC23+BA23+BY23+CW23 -> 5 | DU23: =+F23+AD23+BB23+BZ23+CX23 -> 2.5 | DV23: =+G23+AE23+BC23+CA23+CY23 -> 2.5 | DW23: =+H23+AF23+BD23+CB23+CZ23 -> 3.5 | DX23: =+I23+AG23+BE23+CC23+DA23 -> 0 | ... ED23: =+O23+AM23+BK23+CI23+DG23 -> 2 | EE23: =SUM(DQ23:ED23) -> 35 | EF23: =+Q23+AO23+BM23+CK23+DI23 -> 17 | EG23: =+R23+AP23+BN23+CL23+DJ23 -> 0 | EH23: =+S23+AQ23+BO23+CM23+DK23 -> 0 | EI23: =SUM(EE23:EH23) -> 52 | EJ23: =+U23+AS23+BQ23+CO23+DM23 -> 11270.84 | EK23: =+EE23/EJ23 -> 0.0031053586 | EL23: =+EF23/EJ23 -> 0.001508317
A24: =+A23+1 -> 46221 | P24: =SUM(B24:O24) -> 0 | T24: =SUM(P24:S24) -> 0 | U24: =+'REKAPAN OKEY AYAM'!AC21 -> 0 | V24: =+P24/U24 -> #DIV/0! | W24: =+Q24/U24 -> #DIV/0! | Y24: =+Y23+1 -> 46221 | AN24: =SUM(Z24:AM24) -> 0 | AR24: =SUM(AN24:AQ24) -> 0 | AS24: =+'REKAPAN CHAMP AYAM'!AC21 -> 0 | AT24: =+AN24/AS24 -> #DIV/0! | AU24: =+AO24/AS24 -> #DIV/0! | AW24: =+AW23+1 -> 46221 | BL24: =SUM(AX24:BK24) -> 0 | BP24: =SUM(BL24:BO24) -> 0 | BQ24: =+'REKAPAN CHAMP SAPI'!AC21 -> 0 | BR24: =+BL24/BQ24 -> #DIV/0! | BS24: =+BM24/BQ24 -> #DIV/0! | BU24: =+BU23+1 -> 46221 | CJ24: =SUM(BV24:CI24) -> 0 | CN24: =SUM(CJ24:CM24) -> 0 | CO24: =+'REKAPAN CHAMP OTAK-OTAK'!AC21 -> 0 | CP24: =+CJ24/CO24 -> #DIV/0! | CQ24: =+CK24/CO24 -> #DIV/0! | CS24: =+CS23+1 -> 46221 | DH24: =SUM(CT24:DG24) -> 0 | DL24: =SUM(DH24:DK24) -> 0 | DM24: =+'REKAPAN CHAMP OTAK-OTAK'!AY21 -> 0 | DN24: =+DH24/DM24 -> #DIV/0! | DO24: =+DI24/DM24 -> #DIV/0! | DQ24: =+B24+Z24+AX24+BV24+CT24 -> 0 | DR24: =+C24+AA24+AY24+BW24+CU24 -> 0 | DS24: =+D24+AB24+AZ24+BX24+CV24 -> 0 | DT24: =+E24+AC24+BA24+BY24+CW24 -> 0 | DU24: =+F24+AD24+BB24+BZ24+CX24 -> 0 | DV24: =+G24+AE24+BC24+CA24+CY24 -> 0 | DW24: =+H24+AF24+BD24+CB24+CZ24 -> 0 | DX24: =+I24+AG24+BE24+CC24+DA24 -> 0 | ... ED24: =+O24+AM24+BK24+CI24+DG24 -> 0 | EE24: =SUM(DQ24:ED24) -> 0 | EF24: =+Q24+AO24+BM24+CK24+DI24 -> 0 | EG24: =+R24+AP24+BN24+CL24+DJ24 -> 0 | EH24: =+S24+AQ24+BO24+CM24+DK24 -> 0 | EI24: =SUM(EE24:EH24) -> 0 | EJ24: =+U24+AS24+BQ24+CO24+DM24 -> 0 | EK24: =+EE24/EJ24 -> #DIV/0! | EL24: =+EF24/EJ24 -> #DIV/0!
A25: =+A24+1 -> 46222 | P25: =SUM(B25:O25) -> 0 | T25: =SUM(P25:S25) -> 0 | U25: =+'REKAPAN OKEY AYAM'!AC22 -> 0 | V25: =+P25/U25 -> #DIV/0! | W25: =+Q25/U25 -> #DIV/0! | Y25: =+Y24+1 -> 46222 | AN25: =SUM(Z25:AM25) -> 0 | AR25: =SUM(AN25:AQ25) -> 0 | AS25: =+'REKAPAN CHAMP AYAM'!AC22 -> 0 | AT25: =+AN25/AS25 -> #DIV/0! | AU25: =+AO25/AS25 -> #DIV/0! | AW25: =+AW24+1 -> 46222 | BL25: =SUM(AX25:BK25) -> 0 | BP25: =SUM(BL25:BO25) -> 0 | BQ25: =+'REKAPAN CHAMP SAPI'!AC22 -> 0 | BR25: =+BL25/BQ25 -> #DIV/0! | BS25: =+BM25/BQ25 -> #DIV/0! | BU25: =+BU24+1 -> 46222 | CJ25: =SUM(BV25:CI25) -> 0 | CN25: =SUM(CJ25:CM25) -> 0 | CO25: =+'REKAPAN CHAMP OTAK-OTAK'!AC22 -> 0 | CP25: =+CJ25/CO25 -> #DIV/0! | CQ25: =+CK25/CO25 -> #DIV/0! | CS25: =+CS24+1 -> 46222 | DH25: =SUM(CT25:DG25) -> 0 | DL25: =SUM(DH25:DK25) -> 0 | DM25: =+'REKAPAN CHAMP OTAK-OTAK'!AY22 -> 0 | DN25: =+DH25/DM25 -> #DIV/0! | DO25: =+DI25/DM25 -> #DIV/0! | DQ25: =+B25+Z25+AX25+BV25+CT25 -> 0 | DR25: =+C25+AA25+AY25+BW25+CU25 -> 0 | DS25: =+D25+AB25+AZ25+BX25+CV25 -> 0 | DT25: =+E25+AC25+BA25+BY25+CW25 -> 0 | DU25: =+F25+AD25+BB25+BZ25+CX25 -> 0 | DV25: =+G25+AE25+BC25+CA25+CY25 -> 0 | DW25: =+H25+AF25+BD25+CB25+CZ25 -> 0 | DX25: =+I25+AG25+BE25+CC25+DA25 -> 0 | ... ED25: =+O25+AM25+BK25+CI25+DG25 -> 0 | EE25: =SUM(DQ25:ED25) -> 0 | EF25: =+Q25+AO25+BM25+CK25+DI25 -> 0 | EG25: =+R25+AP25+BN25+CL25+DJ25 -> 0 | EH25: =+S25+AQ25+BO25+CM25+DK25 -> 0 | EI25: =SUM(EE25:EH25) -> 0 | EJ25: =+U25+AS25+BQ25+CO25+DM25 -> 0 | EK25: =+EE25/EJ25 -> #DIV/0! | EL25: =+EF25/EJ25 -> #DIV/0!
A26: =+A25+1 -> 46223 | B26: 1 | E26: 1 | F26: 2 | H26: 2 | K26: 1 | M26: 1 | P26: =SUM(B26:O26) -> 8 | Q26: 1 | T26: =SUM(P26:S26) -> 9 | U26: =+'REKAPAN OKEY AYAM'!AC23 -> 1578.68 | V26: =+P26/U26 -> 0.0050675248 | W26: =+Q26/U26 -> 0.0006334406 | Y26: =+Y25+1 -> 46223 | AN26: =SUM(Z26:AM26) -> 0 | AR26: =SUM(AN26:AQ26) -> 0 | AS26: =+'REKAPAN CHAMP AYAM'!AC23 -> 0 | AT26: =+AN26/AS26 -> #DIV/0! | AU26: =+AO26/AS26 -> #DIV/0! | AW26: =+AW25+1 -> 46223 | BL26: =SUM(AX26:BK26) -> 0 | BP26: =SUM(BL26:BO26) -> 0 | BQ26: =+'REKAPAN CHAMP SAPI'!AC23 -> 0 | BR26: =+BL26/BQ26 -> #DIV/0! | BS26: =+BM26/BQ26 -> #DIV/0! | BU26: =+BU25+1 -> 46223 | CJ26: =SUM(BV26:CI26) -> 0 | CN26: =SUM(CJ26:CM26) -> 0 | CO26: =+'REKAPAN CHAMP OTAK-OTAK'!AC23 -> 0 | CP26: =+CJ26/CO26 -> #DIV/0! | CQ26: =+CK26/CO26 -> #DIV/0! | CS26: =+CS25+1 -> 46223 | DH26: =SUM(CT26:DG26) -> 0 | DL26: =SUM(DH26:DK26) -> 0 | DM26: =+'REKAPAN CHAMP OTAK-OTAK'!AY23 -> 0 | DN26: =+DH26/DM26 -> #DIV/0! | DO26: =+DI26/DM26 -> #DIV/0! | DQ26: =+B26+Z26+AX26+BV26+CT26 -> 1 | DR26: =+C26+AA26+AY26+BW26+CU26 -> 0 | DS26: =+D26+AB26+AZ26+BX26+CV26 -> 0 | DT26: =+E26+AC26+BA26+BY26+CW26 -> 1 | DU26: =+F26+AD26+BB26+BZ26+CX26 -> 2 | DV26: =+G26+AE26+BC26+CA26+CY26 -> 0 | DW26: =+H26+AF26+BD26+CB26+CZ26 -> 2 | DX26: =+I26+AG26+BE26+CC26+DA26 -> 0 | ... ED26: =+O26+AM26+BK26+CI26+DG26 -> 0 | EE26: =SUM(DQ26:ED26) -> 8 | EF26: =+Q26+AO26+BM26+CK26+DI26 -> 1 | EG26: =+R26+AP26+BN26+CL26+DJ26 -> 0 | EH26: =+S26+AQ26+BO26+CM26+DK26 -> 0 | EI26: =SUM(EE26:EH26) -> 9 | EJ26: =+U26+AS26+BQ26+CO26+DM26 -> 1578.68 | EK26: =+EE26/EJ26 -> 0.0050675248 | EL26: =+EF26/EJ26 -> 0.0006334406
A27: =+A26+1 -> 46224 | B27: =2+2+2+2+2+1+0.5 -> 11.5 | D27: =1+1+1+1 -> 4 | E27: =1+1 -> 2 | F27: =1+2+2+1 -> 6 | G27: =1+2 -> 3 | H27: =2+2+2+1+1+1+1 -> 10 | J27: =1+1+1 -> 3 | K27: =1+2+1+1 -> 5 | L27: =1+1 -> 2 | M27: =1+1+1+1+0.5 -> 4.5 | N27: =1+2+1+1+1+1 -> 7 | O27: 1 | P27: =SUM(B27:O27) -> 59 | Q27: =4+4+4+4+5+6+3.5+3+3 -> 36.5 | T27: =SUM(P27:S27) -> 95.5 | U27: =+'REKAPAN OKEY AYAM'!AC24 -> 14208.12 | V27: =+P27/U27 -> 0.004152555 | W27: =+Q27/U27 -> 0.0025689535 | Y27: =+Y26+1 -> 46224 | AN27: =SUM(Z27:AM27) -> 0 | AR27: =SUM(AN27:AQ27) -> 0 | AS27: =+'REKAPAN CHAMP AYAM'!AC24 -> 0 | AT27: =+AN27/AS27 -> #DIV/0! | AU27: =+AO27/AS27 -> #DIV/0! | AW27: =+AW26+1 -> 46224 | BL27: =SUM(AX27:BK27) -> 0 | BP27: =SUM(BL27:BO27) -> 0 | BQ27: =+'REKAPAN CHAMP SAPI'!AC24 -> 0 | BR27: =+BL27/BQ27 -> #DIV/0! | BS27: =+BM27/BQ27 -> #DIV/0! | BU27: =+BU26+1 -> 46224 | CJ27: =SUM(BV27:CI27) -> 0 | CN27: =SUM(CJ27:CM27) -> 0 | CO27: =+'REKAPAN CHAMP OTAK-OTAK'!AC24 -> 0 | CP27: =+CJ27/CO27 -> #DIV/0! | CQ27: =+CK27/CO27 -> #DIV/0! | CS27: =+CS26+1 -> 46224 | DH27: =SUM(CT27:DG27) -> 0 | DL27: =SUM(DH27:DK27) -> 0 | DM27: =+'REKAPAN CHAMP OTAK-OTAK'!AY24 -> 0 | DN27: =+DH27/DM27 -> #DIV/0! | DO27: =+DI27/DM27 -> #DIV/0! | DQ27: =+B27+Z27+AX27+BV27+CT27 -> 11.5 | DR27: =+C27+AA27+AY27+BW27+CU27 -> 0 | DS27: =+D27+AB27+AZ27+BX27+CV27 -> 4 | DT27: =+E27+AC27+BA27+BY27+CW27 -> 2 | DU27: =+F27+AD27+BB27+BZ27+CX27 -> 6 | DV27: =+G27+AE27+BC27+CA27+CY27 -> 3 | DW27: =+H27+AF27+BD27+CB27+CZ27 -> 10 | DX27: =+I27+AG27+BE27+CC27+DA27 -> 0 | ... ED27: =+O27+AM27+BK27+CI27+DG27 -> 1 | EE27: =SUM(DQ27:ED27) -> 59 | EF27: =+Q27+AO27+BM27+CK27+DI27 -> 36.5 | EG27: =+R27+AP27+BN27+CL27+DJ27 -> 0 | EH27: =+S27+AQ27+BO27+CM27+DK27 -> 0 | EI27: =SUM(EE27:EH27) -> 95.5 | EJ27: =+U27+AS27+BQ27+CO27+DM27 -> 14208.12 | EK27: =+EE27/EJ27 -> 0.004152555 | EL27: =+EF27/EJ27 -> 0.0025689535
A28: =+A27+1 -> 46225 | B28: =2.5+1+1+0.5+0.5+2 -> 7.5 | D28: =1+2.5+1+1+1+0.5+0.5+1 -> 8.5 | E28: =1+1+0.5 -> 2.5 | F28: 0.5 | G28: =1+1 -> 2 | H28: =1+1+1+0.5 -> 3.5 | J28: =1+0.5 -> 1.5 | K28: =0.5+0.5 -> 1 | L28: =1+0.5+1+0.5 -> 3 | N28: =1+1+1+1+0.5 -> 4.5 | O28: =1+0.5 -> 1.5 | P28: =SUM(B28:O28) -> 36 | Q28: =2+4+2+2.5+6+4+2.5+2 -> 25 | T28: =SUM(P28:S28) -> 61 | U28: =+'REKAPAN OKEY AYAM'!AC25 -> 12629.44 | V28: =+P28/U28 -> 0.0028504827 | W28: =+Q28/U28 -> 0.0019795019 | Y28: =+Y27+1 -> 46225 | AN28: =SUM(Z28:AM28) -> 0 | AR28: =SUM(AN28:AQ28) -> 0 | AS28: =+'REKAPAN CHAMP AYAM'!AC25 -> 0 | AT28: =+AN28/AS28 -> #DIV/0! | AU28: =+AO28/AS28 -> #DIV/0! | AW28: =+AW27+1 -> 46225 | BL28: =SUM(AX28:BK28) -> 0 | BP28: =SUM(BL28:BO28) -> 0 | BQ28: =+'REKAPAN CHAMP SAPI'!AC25 -> 0 | BR28: =+BL28/BQ28 -> #DIV/0! | BS28: =+BM28/BQ28 -> #DIV/0! | BU28: =+BU27+1 -> 46225 | CJ28: =SUM(BV28:CI28) -> 0 | CN28: =SUM(CJ28:CM28) -> 0 | CO28: =+'REKAPAN CHAMP OTAK-OTAK'!AC25 -> 0 | CP28: =+CJ28/CO28 -> #DIV/0! | CQ28: =+CK28/CO28 -> #DIV/0! | CS28: =+CS27+1 -> 46225 | DH28: =SUM(CT28:DG28) -> 0 | DL28: =SUM(DH28:DK28) -> 0 | DM28: =+'REKAPAN CHAMP OTAK-OTAK'!AY25 -> 0 | DN28: =+DH28/DM28 -> #DIV/0! | DO28: =+DI28/DM28 -> #DIV/0! | DQ28: =+B28+Z28+AX28+BV28+CT28 -> 7.5 | DR28: =+C28+AA28+AY28+BW28+CU28 -> 0 | DS28: =+D28+AB28+AZ28+BX28+CV28 -> 8.5 | DT28: =+E28+AC28+BA28+BY28+CW28 -> 2.5 | DU28: =+F28+AD28+BB28+BZ28+CX28 -> 0.5 | DV28: =+G28+AE28+BC28+CA28+CY28 -> 2 | DW28: =+H28+AF28+BD28+CB28+CZ28 -> 3.5 | DX28: =+I28+AG28+BE28+CC28+DA28 -> 0 | ... ED28: =+O28+AM28+BK28+CI28+DG28 -> 1.5 | EE28: =SUM(DQ28:ED28) -> 36 | EF28: =+Q28+AO28+BM28+CK28+DI28 -> 25 | EG28: =+R28+AP28+BN28+CL28+DJ28 -> 0 | EH28: =+S28+AQ28+BO28+CM28+DK28 -> 0 | EI28: =SUM(EE28:EH28) -> 61 | EJ28: =+U28+AS28+BQ28+CO28+DM28 -> 12629.44 | EK28: =+EE28/EJ28 -> 0.0028504827 | EL28: =+EF28/EJ28 -> 0.0019795019
A29: =+A28+1 -> 46226 | B29: =5+7+2+2+2+1 -> 19 | D29: =1+1+2+1+0.5+1+1+1+2 -> 10.5 | E29: =1+1+1+1 -> 4 | G29: =1+1 -> 2 | H29: =1+1+1+0.5+1+1 -> 5.5 | J29: =1+1+1+1+1+1 -> 6 | K29: =1+1+0.5+1+1+1+1 -> 6.5 | L29: =1+1+1+1+1 -> 5 | M29: =1+1+0.5+2+1+1+1 -> 7.5 | N29: 1 | O29: =1+0.5+1 -> 2.5 | P29: =SUM(B29:O29) -> 69.5 | Q29: =2+2+4+3+3+4+4+4+2+3 -> 31 | T29: =SUM(P29:S29) -> 100.5 | U29: =+'REKAPAN OKEY AYAM'!AC26 -> 15786.8 | V29: =+P29/U29 -> 0.0044024121 | W29: =+Q29/U29 -> 0.0019636658 | Y29: =+Y28+1 -> 46226 | AN29: =SUM(Z29:AM29) -> 0 | AR29: =SUM(AN29:AQ29) -> 0 | AS29: =+'REKAPAN CHAMP AYAM'!AC26 -> 0 | AT29: =+AN29/AS29 -> #DIV/0! | AU29: =+AO29/AS29 -> #DIV/0! | AW29: =+AW28+1 -> 46226 | BL29: =SUM(AX29:BK29) -> 0 | BP29: =SUM(BL29:BO29) -> 0 | BQ29: =+'REKAPAN CHAMP SAPI'!AC26 -> 0 | BR29: =+BL29/BQ29 -> #DIV/0! | BS29: =+BM29/BQ29 -> #DIV/0! | BU29: =+BU28+1 -> 46226 | CJ29: =SUM(BV29:CI29) -> 0 | CN29: =SUM(CJ29:CM29) -> 0 | CO29: =+'REKAPAN CHAMP OTAK-OTAK'!AC26 -> 0 | CP29: =+CJ29/CO29 -> #DIV/0! | CQ29: =+CK29/CO29 -> #DIV/0! | CS29: =+CS28+1 -> 46226 | DH29: =SUM(CT29:DG29) -> 0 | DL29: =SUM(DH29:DK29) -> 0 | DM29: =+'REKAPAN CHAMP OTAK-OTAK'!AY26 -> 0 | DN29: =+DH29/DM29 -> #DIV/0! | DO29: =+DI29/DM29 -> #DIV/0! | DQ29: =+B29+Z29+AX29+BV29+CT29 -> 19 | DR29: =+C29+AA29+AY29+BW29+CU29 -> 0 | DS29: =+D29+AB29+AZ29+BX29+CV29 -> 10.5 | DT29: =+E29+AC29+BA29+BY29+CW29 -> 4 | DU29: =+F29+AD29+BB29+BZ29+CX29 -> 0 | DV29: =+G29+AE29+BC29+CA29+CY29 -> 2 | DW29: =+H29+AF29+BD29+CB29+CZ29 -> 5.5 | DX29: =+I29+AG29+BE29+CC29+DA29 -> 0 | ... ED29: =+O29+AM29+BK29+CI29+DG29 -> 2.5 | EE29: =SUM(DQ29:ED29) -> 69.5 | EF29: =+Q29+AO29+BM29+CK29+DI29 -> 31 | EG29: =+R29+AP29+BN29+CL29+DJ29 -> 0 | EH29: =+S29+AQ29+BO29+CM29+DK29 -> 0 | EI29: =SUM(EE29:EH29) -> 100.5 | EJ29: =+U29+AS29+BQ29+CO29+DM29 -> 15786.8 | EK29: =+EE29/EJ29 -> 0.0044024121 | EL29: =+EF29/EJ29 -> 0.0019636658
A30: =+A29+1 -> 46227 | B30: =2+0.5+2+1 -> 5.5 | D30: =2+1+1+0.5+1+0.5 -> 6 | E30: =1+0.5+1+1+0.5 -> 4 | F30: =0.5+1+0.5 -> 2 | G30: =1+0.5+1+1 -> 3.5 | H30: =1+1+1 -> 3 | J30: =1+1+0.5+1+1+0.5 -> 5 | K30: =1+1+0.5+1+2 -> 5.5 | L30: =1+1+0.5 -> 2.5 | M30: =1+1 -> 2 | N30: =1+1+0.5+1+1+0.5+1+2 -> 8 | O30: =1+1+0.5+1+0.5+1 -> 5 | P30: =SUM(B30:O30) -> 52 | Q30: =3+3+5+2+2.5+2.5+2+2.5+2.5+2 -> 27 | T30: =SUM(P30:S30) -> 79 | U30: =+'REKAPAN OKEY AYAM'!AC27 -> 14208.12 | V30: =+P30/U30 -> 0.003659879 | W30: =+Q30/U30 -> 0.0019003218 | Y30: =+Y29+1 -> 46227 | AN30: =SUM(Z30:AM30) -> 0 | AR30: =SUM(AN30:AQ30) -> 0 | AS30: =+'REKAPAN CHAMP AYAM'!AC27 -> 0 | AT30: =+AN30/AS30 -> #DIV/0! | AU30: =+AO30/AS30 -> #DIV/0! | AW30: =+AW29+1 -> 46227 | BL30: =SUM(AX30:BK30) -> 0 | BP30: =SUM(BL30:BO30) -> 0 | BQ30: =+'REKAPAN CHAMP SAPI'!AC27 -> 0 | BR30: =+BL30/BQ30 -> #DIV/0! | BS30: =+BM30/BQ30 -> #DIV/0! | BU30: =+BU29+1 -> 46227 | CJ30: =SUM(BV30:CI30) -> 0 | CN30: =SUM(CJ30:CM30) -> 0 | CO30: =+'REKAPAN CHAMP OTAK-OTAK'!AC27 -> 0 | CP30: =+CJ30/CO30 -> #DIV/0! | CQ30: =+CK30/CO30 -> #DIV/0! | CS30: =+CS29+1 -> 46227 | DH30: =SUM(CT30:DG30) -> 0 | DL30: =SUM(DH30:DK30) -> 0 | DM30: =+'REKAPAN CHAMP OTAK-OTAK'!AY27 -> 0 | DN30: =+DH30/DM30 -> #DIV/0! | DO30: =+DI30/DM30 -> #DIV/0! | DQ30: =+B30+Z30+AX30+BV30+CT30 -> 5.5 | DR30: =+C30+AA30+AY30+BW30+CU30 -> 0 | DS30: =+D30+AB30+AZ30+BX30+CV30 -> 6 | DT30: =+E30+AC30+BA30+BY30+CW30 -> 4 | DU30: =+F30+AD30+BB30+BZ30+CX30 -> 2 | DV30: =+G30+AE30+BC30+CA30+CY30 -> 3.5 | DW30: =+H30+AF30+BD30+CB30+CZ30 -> 3 | DX30: =+I30+AG30+BE30+CC30+DA30 -> 0 | ... ED30: =+O30+AM30+BK30+CI30+DG30 -> 5 | EE30: =SUM(DQ30:ED30) -> 52 | EF30: =+Q30+AO30+BM30+CK30+DI30 -> 27 | EG30: =+R30+AP30+BN30+CL30+DJ30 -> 0 | EH30: =+S30+AQ30+BO30+CM30+DK30 -> 0 | EI30: =SUM(EE30:EH30) -> 79 | EJ30: =+U30+AS30+BQ30+CO30+DM30 -> 14208.12 | EK30: =+EE30/EJ30 -> 0.003659879 | EL30: =+EF30/EJ30 -> 0.0019003218
A31: =+A30+1 -> 46228 | B31: =0.5+1+2+1+1 -> 5.5 | D31: 1 | E31: 1 | F31: =0.5+0.5+1 -> 2 | G31: =0.5+1+1+1+1 -> 4.5 | H31: =1+1+1 -> 3 | J31: 1 | K31: =0.5+0.5+0.5+1+1 -> 3.5 | L31: =0.5+0.5+1+1 -> 3 | M31: =0.5+1+1 -> 2.5 | N31: =0.5+1+1 -> 2.5 | O31: =0.5+0.5 -> 1 | P31: =SUM(B31:O31) -> 30.5 | Q31: =3+2.5+1.5+3.5+3+3.5+6+4 -> 27 | T31: =SUM(P31:S31) -> 57.5 | U31: =+'REKAPAN OKEY AYAM'!AC28 -> 12629.44 | V31: =+P31/U31 -> 0.0024149923 | W31: =+Q31/U31 -> 0.002137862 | Y31: =+Y30+1 -> 46228 | AN31: =SUM(Z31:AM31) -> 0 | AR31: =SUM(AN31:AQ31) -> 0 | AS31: =+'REKAPAN CHAMP AYAM'!AC28 -> 0 | AT31: =+AN31/AS31 -> #DIV/0! | AU31: =+AO31/AS31 -> #DIV/0! | AW31: =+AW30+1 -> 46228 | BL31: =SUM(AX31:BK31) -> 0 | BP31: =SUM(BL31:BO31) -> 0 | BQ31: =+'REKAPAN CHAMP SAPI'!AC28 -> 0 | BR31: =+BL31/BQ31 -> #DIV/0! | BS31: =+BM31/BQ31 -> #DIV/0! | BU31: =+BU30+1 -> 46228 | CJ31: =SUM(BV31:CI31) -> 0 | CN31: =SUM(CJ31:CM31) -> 0 | CO31: =+'REKAPAN CHAMP OTAK-OTAK'!AC28 -> 0 | CP31: =+CJ31/CO31 -> #DIV/0! | CQ31: =+CK31/CO31 -> #DIV/0! | CS31: =+CS30+1 -> 46228 | DH31: =SUM(CT31:DG31) -> 0 | DL31: =SUM(DH31:DK31) -> 0 | DM31: =+'REKAPAN CHAMP OTAK-OTAK'!AY28 -> 0 | DN31: =+DH31/DM31 -> #DIV/0! | DO31: =+DI31/DM31 -> #DIV/0! | DQ31: =+B31+Z31+AX31+BV31+CT31 -> 5.5 | DR31: =+C31+AA31+AY31+BW31+CU31 -> 0 | DS31: =+D31+AB31+AZ31+BX31+CV31 -> 1 | DT31: =+E31+AC31+BA31+BY31+CW31 -> 1 | DU31: =+F31+AD31+BB31+BZ31+CX31 -> 2 | DV31: =+G31+AE31+BC31+CA31+CY31 -> 4.5 | DW31: =+H31+AF31+BD31+CB31+CZ31 -> 3 | DX31: =+I31+AG31+BE31+CC31+DA31 -> 0 | ... ED31: =+O31+AM31+BK31+CI31+DG31 -> 1 | EE31: =SUM(DQ31:ED31) -> 30.5 | EF31: =+Q31+AO31+BM31+CK31+DI31 -> 27 | EG31: =+R31+AP31+BN31+CL31+DJ31 -> 0 | EH31: =+S31+AQ31+BO31+CM31+DK31 -> 0 | EI31: =SUM(EE31:EH31) -> 57.5 | EJ31: =+U31+AS31+BQ31+CO31+DM31 -> 12629.44 | EK31: =+EE31/EJ31 -> 0.0024149923 | EL31: =+EF31/EJ31 -> 0.002137862
A32: =+A31+1 -> 46229 | P32: =SUM(B32:O32) -> 0 | T32: =SUM(P32:S32) -> 0 | U32: =+'REKAPAN OKEY AYAM'!AC29 -> 0 | V32: =+P32/U32 -> #DIV/0! | W32: =+Q32/U32 -> #DIV/0! | Y32: =+Y31+1 -> 46229 | AN32: =SUM(Z32:AM32) -> 0 | AR32: =SUM(AN32:AQ32) -> 0 | AS32: =+'REKAPAN CHAMP AYAM'!AC29 -> 0 | AT32: =+AN32/AS32 -> #DIV/0! | AU32: =+AO32/AS32 -> #DIV/0! | AW32: =+AW31+1 -> 46229 | BL32: =SUM(AX32:BK32) -> 0 | BP32: =SUM(BL32:BO32) -> 0 | BQ32: =+'REKAPAN CHAMP SAPI'!AC29 -> 0 | BR32: =+BL32/BQ32 -> #DIV/0! | BS32: =+BM32/BQ32 -> #DIV/0! | BU32: =+BU31+1 -> 46229 | CJ32: =SUM(BV32:CI32) -> 0 | CN32: =SUM(CJ32:CM32) -> 0 | CO32: =+'REKAPAN CHAMP OTAK-OTAK'!AC29 -> 0 | CP32: =+CJ32/CO32 -> #DIV/0! | CQ32: =+CK32/CO32 -> #DIV/0! | CS32: =+CS31+1 -> 46229 | DH32: =SUM(CT32:DG32) -> 0 | DL32: =SUM(DH32:DK32) -> 0 | DM32: =+'REKAPAN CHAMP OTAK-OTAK'!AY29 -> 0 | DN32: =+DH32/DM32 -> #DIV/0! | DO32: =+DI32/DM32 -> #DIV/0! | DQ32: =+B32+Z32+AX32+BV32+CT32 -> 0 | DR32: =+C32+AA32+AY32+BW32+CU32 -> 0 | DS32: =+D32+AB32+AZ32+BX32+CV32 -> 0 | DT32: =+E32+AC32+BA32+BY32+CW32 -> 0 | DU32: =+F32+AD32+BB32+BZ32+CX32 -> 0 | DV32: =+G32+AE32+BC32+CA32+CY32 -> 0 | DW32: =+H32+AF32+BD32+CB32+CZ32 -> 0 | DX32: =+I32+AG32+BE32+CC32+DA32 -> 0 | ... ED32: =+O32+AM32+BK32+CI32+DG32 -> 0 | EE32: =SUM(DQ32:ED32) -> 0 | EF32: =+Q32+AO32+BM32+CK32+DI32 -> 0 | EG32: =+R32+AP32+BN32+CL32+DJ32 -> 0 | EH32: =+S32+AQ32+BO32+CM32+DK32 -> 0 | EI32: =SUM(EE32:EH32) -> 0 | EJ32: =+U32+AS32+BQ32+CO32+DM32 -> 0 | EK32: =+EE32/EJ32 -> #DIV/0! | EL32: =+EF32/EJ32 -> #DIV/0!
A33: =+A32+1 -> 46230 | P33: =SUM(B33:O33) -> 0 | T33: =SUM(P33:S33) -> 0 | U33: =+'REKAPAN OKEY AYAM'!AC30 -> 0 | V33: =+P33/U33 -> #DIV/0! | W33: =+Q33/U33 -> #DIV/0! | Y33: =+Y32+1 -> 46230 | AN33: =SUM(Z33:AM33) -> 0 | AR33: =SUM(AN33:AQ33) -> 0 | AS33: =+'REKAPAN CHAMP AYAM'!AC30 -> 0 | AT33: =+AN33/AS33 -> #DIV/0! | AU33: =+AO33/AS33 -> #DIV/0! | AW33: =+AW32+1 -> 46230 | BL33: =SUM(AX33:BK33) -> 0 | BP33: =SUM(BL33:BO33) -> 0 | BQ33: =+'REKAPAN CHAMP SAPI'!AC30 -> 0 | BR33: =+BL33/BQ33 -> #DIV/0! | BS33: =+BM33/BQ33 -> #DIV/0! | BU33: =+BU32+1 -> 46230 | CJ33: =SUM(BV33:CI33) -> 0 | CN33: =SUM(CJ33:CM33) -> 0 | CO33: =+'REKAPAN CHAMP OTAK-OTAK'!AC30 -> 0 | CP33: =+CJ33/CO33 -> #DIV/0! | CQ33: =+CK33/CO33 -> #DIV/0! | CS33: =+CS32+1 -> 46230 | DH33: =SUM(CT33:DG33) -> 0 | DL33: =SUM(DH33:DK33) -> 0 | DM33: =+'REKAPAN CHAMP OTAK-OTAK'!AY30 -> 0 | DN33: =+DH33/DM33 -> #DIV/0! | DO33: =+DI33/DM33 -> #DIV/0! | DQ33: =+B33+Z33+AX33+BV33+CT33 -> 0 | DR33: =+C33+AA33+AY33+BW33+CU33 -> 0 | DS33: =+D33+AB33+AZ33+BX33+CV33 -> 0 | DT33: =+E33+AC33+BA33+BY33+CW33 -> 0 | DU33: =+F33+AD33+BB33+BZ33+CX33 -> 0 | DV33: =+G33+AE33+BC33+CA33+CY33 -> 0 | DW33: =+H33+AF33+BD33+CB33+CZ33 -> 0 | DX33: =+I33+AG33+BE33+CC33+DA33 -> 0 | ... ED33: =+O33+AM33+BK33+CI33+DG33 -> 0 | EE33: =SUM(DQ33:ED33) -> 0 | EF33: =+Q33+AO33+BM33+CK33+DI33 -> 0 | EG33: =+R33+AP33+BN33+CL33+DJ33 -> 0 | EH33: =+S33+AQ33+BO33+CM33+DK33 -> 0 | EI33: =SUM(EE33:EH33) -> 0 | EJ33: =+U33+AS33+BQ33+CO33+DM33 -> 0 | EK33: =+EE33/EJ33 -> #DIV/0! | EL33: =+EF33/EJ33 -> #DIV/0!
A34: =+A33+1 -> 46231 | P34: =SUM(B34:O34) -> 0 | T34: =SUM(P34:S34) -> 0 | U34: =+'REKAPAN OKEY AYAM'!AC31 -> 0 | V34: =+P34/U34 -> #DIV/0! | W34: =+Q34/U34 -> #DIV/0! | Y34: =+Y33+1 -> 46231 | AN34: =SUM(Z34:AM34) -> 0 | AR34: =SUM(AN34:AQ34) -> 0 | AS34: =+'REKAPAN CHAMP AYAM'!AC31 -> 0 | AT34: =+AN34/AS34 -> #DIV/0! | AU34: =+AO34/AS34 -> #DIV/0! | AW34: =+AW33+1 -> 46231 | BL34: =SUM(AX34:BK34) -> 0 | BP34: =SUM(BL34:BO34) -> 0 | BQ34: =+'REKAPAN CHAMP SAPI'!AC31 -> 0 | BR34: =+BL34/BQ34 -> #DIV/0! | BS34: =+BM34/BQ34 -> #DIV/0! | BU34: =+BU33+1 -> 46231 | CJ34: =SUM(BV34:CI34) -> 0 | CN34: =SUM(CJ34:CM34) -> 0 | CO34: =+'REKAPAN CHAMP OTAK-OTAK'!AC31 -> 0 | CP34: =+CJ34/CO34 -> #DIV/0! | CQ34: =+CK34/CO34 -> #DIV/0! | CS34: =+CS33+1 -> 46231 | DH34: =SUM(CT34:DG34) -> 0 | DL34: =SUM(DH34:DK34) -> 0 | DM34: =+'REKAPAN CHAMP OTAK-OTAK'!AY31 -> 0 | DN34: =+DH34/DM34 -> #DIV/0! | DO34: =+DI34/DM34 -> #DIV/0! | DQ34: =+B34+Z34+AX34+BV34+CT34 -> 0 | DR34: =+C34+AA34+AY34+BW34+CU34 -> 0 | DS34: =+D34+AB34+AZ34+BX34+CV34 -> 0 | DT34: =+E34+AC34+BA34+BY34+CW34 -> 0 | DU34: =+F34+AD34+BB34+BZ34+CX34 -> 0 | DV34: =+G34+AE34+BC34+CA34+CY34 -> 0 | DW34: =+H34+AF34+BD34+CB34+CZ34 -> 0 | DX34: =+I34+AG34+BE34+CC34+DA34 -> 0 | ... ED34: =+O34+AM34+BK34+CI34+DG34 -> 0 | EE34: =SUM(DQ34:ED34) -> 0 | EF34: =+Q34+AO34+BM34+CK34+DI34 -> 0 | EG34: =+R34+AP34+BN34+CL34+DJ34 -> 0 | EH34: =+S34+AQ34+BO34+CM34+DK34 -> 0 | EI34: =SUM(EE34:EH34) -> 0 | EJ34: =+U34+AS34+BQ34+CO34+DM34 -> 0 | EK34: =+EE34/EJ34 -> #DIV/0! | EL34: =+EF34/EJ34 -> #DIV/0!
A35: =+A34+1 -> 46232 | P35: =SUM(B35:O35) -> 0 | T35: =SUM(P35:S35) -> 0 | U35: =+'REKAPAN OKEY AYAM'!AC32 -> 0 | V35: =+P35/U35 -> #DIV/0! | W35: =+Q35/U35 -> #DIV/0! | Y35: =+Y34+1 -> 46232 | AN35: =SUM(Z35:AM35) -> 0 | AR35: =SUM(AN35:AQ35) -> 0 | AS35: =+'REKAPAN CHAMP AYAM'!AC32 -> 0 | AT35: =+AN35/AS35 -> #DIV/0! | AU35: =+AO35/AS35 -> #DIV/0! | AW35: =+AW34+1 -> 46232 | BL35: =SUM(AX35:BK35) -> 0 | BP35: =SUM(BL35:BO35) -> 0 | BQ35: =+'REKAPAN CHAMP SAPI'!AC32 -> 0 | BR35: =+BL35/BQ35 -> #DIV/0! | BS35: =+BM35/BQ35 -> #DIV/0! | BU35: =+BU34+1 -> 46232 | CJ35: =SUM(BV35:CI35) -> 0 | CN35: =SUM(CJ35:CM35) -> 0 | CO35: =+'REKAPAN CHAMP OTAK-OTAK'!AC32 -> 0 | CP35: =+CJ35/CO35 -> #DIV/0! | CQ35: =+CK35/CO35 -> #DIV/0! | CS35: =+CS34+1 -> 46232 | DH35: =SUM(CT35:DG35) -> 0 | DL35: =SUM(DH35:DK35) -> 0 | DM35: =+'REKAPAN CHAMP OTAK-OTAK'!AY32 -> 0 | DN35: =+DH35/DM35 -> #DIV/0! | DO35: =+DI35/DM35 -> #DIV/0! | DQ35: =+B35+Z35+AX35+BV35+CT35 -> 0 | DR35: =+C35+AA35+AY35+BW35+CU35 -> 0 | DS35: =+D35+AB35+AZ35+BX35+CV35 -> 0 | DT35: =+E35+AC35+BA35+BY35+CW35 -> 0 | DU35: =+F35+AD35+BB35+BZ35+CX35 -> 0 | DV35: =+G35+AE35+BC35+CA35+CY35 -> 0 | DW35: =+H35+AF35+BD35+CB35+CZ35 -> 0 | DX35: =+I35+AG35+BE35+CC35+DA35 -> 0 | ... ED35: =+O35+AM35+BK35+CI35+DG35 -> 0 | EE35: =SUM(DQ35:ED35) -> 0 | EF35: =+Q35+AO35+BM35+CK35+DI35 -> 0 | EG35: =+R35+AP35+BN35+CL35+DJ35 -> 0 | EH35: =+S35+AQ35+BO35+CM35+DK35 -> 0 | EI35: =SUM(EE35:EH35) -> 0 | EJ35: =+U35+AS35+BQ35+CO35+DM35 -> 0 | EK35: =+EE35/EJ35 -> #DIV/0! | EL35: =+EF35/EJ35 -> #DIV/0!
A36: =+A35+1 -> 46233 | P36: =SUM(B36:O36) -> 0 | T36: =SUM(P36:S36) -> 0 | U36: =+'REKAPAN OKEY AYAM'!AC33 -> 0 | V36: =+P36/U36 -> #DIV/0! | W36: =+Q36/U36 -> #DIV/0! | Y36: =+Y35+1 -> 46233 | AN36: =SUM(Z36:AM36) -> 0 | AR36: =SUM(AN36:AQ36) -> 0 | AS36: =+'REKAPAN CHAMP AYAM'!AC33 -> 0 | AT36: =+AN36/AS36 -> #DIV/0! | AU36: =+AO36/AS36 -> #DIV/0! | AW36: =+AW35+1 -> 46233 | BL36: =SUM(AX36:BK36) -> 0 | BP36: =SUM(BL36:BO36) -> 0 | BQ36: =+'REKAPAN CHAMP SAPI'!AC33 -> 0 | BR36: =+BL36/BQ36 -> #DIV/0! | BS36: =+BM36/BQ36 -> #DIV/0! | BU36: =+BU35+1 -> 46233 | CJ36: =SUM(BV36:CI36) -> 0 | CN36: =SUM(CJ36:CM36) -> 0 | CO36: =+'REKAPAN CHAMP OTAK-OTAK'!AC33 -> 0 | CP36: =+CJ36/CO36 -> #DIV/0! | CQ36: =+CK36/CO36 -> #DIV/0! | CS36: =+CS35+1 -> 46233 | DH36: =SUM(CT36:DG36) -> 0 | DL36: =SUM(DH36:DK36) -> 0 | DM36: =+'REKAPAN CHAMP OTAK-OTAK'!AY33 -> 0 | DN36: =+DH36/DM36 -> #DIV/0! | DO36: =+DI36/DM36 -> #DIV/0! | DQ36: =+B36+Z36+AX36+BV36+CT36 -> 0 | DR36: =+C36+AA36+AY36+BW36+CU36 -> 0 | DS36: =+D36+AB36+AZ36+BX36+CV36 -> 0 | DT36: =+E36+AC36+BA36+BY36+CW36 -> 0 | DU36: =+F36+AD36+BB36+BZ36+CX36 -> 0 | DV36: =+G36+AE36+BC36+CA36+CY36 -> 0 | DW36: =+H36+AF36+BD36+CB36+CZ36 -> 0 | DX36: =+I36+AG36+BE36+CC36+DA36 -> 0 | ... ED36: =+O36+AM36+BK36+CI36+DG36 -> 0 | EE36: =SUM(DQ36:ED36) -> 0 | EF36: =+Q36+AO36+BM36+CK36+DI36 -> 0 | EG36: =+R36+AP36+BN36+CL36+DJ36 -> 0 | EH36: =+S36+AQ36+BO36+CM36+DK36 -> 0 | EI36: =SUM(EE36:EH36) -> 0 | EJ36: =+U36+AS36+BQ36+CO36+DM36 -> 0 | EK36: =+EE36/EJ36 -> #DIV/0! | EL36: =+EF36/EJ36 -> #DIV/0!
A37: =+A36+1 -> 46234 | P37: =SUM(B37:O37) -> 0 | T37: =SUM(P37:S37) -> 0 | U37: =+'REKAPAN OKEY AYAM'!AC34 -> 0 | V37: =+P37/U37 -> #DIV/0! | W37: =+Q37/U37 -> #DIV/0! | Y37: =+Y36+1 -> 46234 | AN37: =SUM(Z37:AM37) -> 0 | AR37: =SUM(AN37:AQ37) -> 0 | AS37: =+'REKAPAN CHAMP AYAM'!AC34 -> 0 | AT37: =+AN37/AS37 -> #DIV/0! | AU37: =+AO37/AS37 -> #DIV/0! | AW37: =+AW36+1 -> 46234 | BL37: =SUM(AX37:BK37) -> 0 | BP37: =SUM(BL37:BO37) -> 0 | BQ37: =+'REKAPAN CHAMP SAPI'!AC34 -> 0 | BR37: =+BL37/BQ37 -> #DIV/0! | BS37: =+BM37/BQ37 -> #DIV/0! | BU37: =+BU36+1 -> 46234 | CJ37: =SUM(BV37:CI37) -> 0 | CN37: =SUM(CJ37:CM37) -> 0 | CO37: =+'REKAPAN CHAMP OTAK-OTAK'!AC34 -> 0 | CP37: =+CJ37/CO37 -> #DIV/0! | CQ37: =+CK37/CO37 -> #DIV/0! | CS37: =+CS36+1 -> 46234 | DH37: =SUM(CT37:DG37) -> 0 | DL37: =SUM(DH37:DK37) -> 0 | DM37: =+'REKAPAN CHAMP OTAK-OTAK'!AY34 -> 0 | DN37: =+DH37/DM37 -> #DIV/0! | DO37: =+DI37/DM37 -> #DIV/0! | DQ37: =+B37+Z37+AX37+BV37+CT37 -> 0 | DR37: =+C37+AA37+AY37+BW37+CU37 -> 0 | DS37: =+D37+AB37+AZ37+BX37+CV37 -> 0 | DT37: =+E37+AC37+BA37+BY37+CW37 -> 0 | DU37: =+F37+AD37+BB37+BZ37+CX37 -> 0 | DV37: =+G37+AE37+BC37+CA37+CY37 -> 0 | DW37: =+H37+AF37+BD37+CB37+CZ37 -> 0 | DX37: =+I37+AG37+BE37+CC37+DA37 -> 0 | ... ED37: =+O37+AM37+BK37+CI37+DG37 -> 0 | EE37: =SUM(DQ37:ED37) -> 0 | EF37: =+Q37+AO37+BM37+CK37+DI37 -> 0 | EG37: =+R37+AP37+BN37+CL37+DJ37 -> 0 | EH37: =+S37+AQ37+BO37+CM37+DK37 -> 0 | EI37: =SUM(EE37:EH37) -> 0 | EJ37: =+U37+AS37+BQ37+CO37+DM37 -> 0 | EK37: =+EE37/EJ37 -> #DIV/0! | EL37: =+EF37/EJ37 -> #DIV/0!
P38: =SUM(B38:O38) -> 0 | T38: =SUM(P38:S38) -> 0 | V38: =+P38/U38 -> #DIV/0! | W38: =+Q38/U38 -> #DIV/0! | AN38: =SUM(Z38:AM38) -> 0 | AR38: =SUM(AN38:AQ38) -> 0 | AT38: =+AN38/AS38 -> #DIV/0! | AU38: =+AO38/AS38 -> #DIV/0! | BL38: =SUM(AX38:BK38) -> 0 | BP38: =SUM(BL38:BO38) -> 0 | BR38: =+BL38/BQ38 -> #DIV/0! | BS38: =+BM38/BQ38 -> #DIV/0! | CJ38: =SUM(BV38:CI38) -> 0 | CN38: =SUM(CJ38:CM38) -> 0 | CP38: =+CJ38/CO38 -> #DIV/0! | CQ38: =+CK38/CO38 -> #DIV/0! | DH38: =SUM(CT38:DG38) -> 0 | DL38: =SUM(DH38:DK38) -> 0 | DN38: =+DH38/DM38 -> #DIV/0! | DO38: =+DI38/DM38 -> #DIV/0! | EE38: =SUM(DQ38:ED38) -> 0 | EI38: =SUM(EE38:EH38) -> 0 | EK38: =+EE38/EJ38 -> #DIV/0! | EL38: =+EF38/EJ38 -> #DIV/0!
P39: =SUM(B39:O39) -> 0 | T39: =SUM(P39:S39) -> 0 | AN39: =SUM(Z39:AM39) -> 0 | AR39: =SUM(AN39:AQ39) -> 0 | BL39: =SUM(AX39:BK39) -> 0 | BP39: =SUM(BL39:BO39) -> 0 | CJ39: =SUM(BV39:CI39) -> 0 | CN39: =SUM(CJ39:CM39) -> 0 | DH39: =SUM(CT39:DG39) -> 0 | DL39: =SUM(DH39:DK39) -> 0 | EE39: =SUM(DQ39:ED39) -> 0 | EI39: =SUM(EE39:EH39) -> 0
P40: =SUM(B40:O40) -> 0 | AN40: =SUM(Z40:AM40) -> 0 | BL40: =SUM(AX40:BK40) -> 0 | CJ40: =SUM(BV40:CI40) -> 0 | DH40: =SUM(CT40:DG40) -> 0 | EE40: =SUM(DQ40:ED40) -> 0
B41: =SUM(B7:B39) -> 99.4 | C41: =SUM(C7:C39) -> 0 | D41: =SUM(D7:D39) -> 77.5 | E41: =SUM(E7:E39) -> 34 | F41: =SUM(F7:F39) -> 23.5 | G41: =SUM(G7:G39) -> 68.8 | H41: =SUM(H7:H39) -> 58.3 | I41: =SUM(I7:I39) -> 0 | ... R41: =SUM(R7:R39) -> 0 | T41: =SUM(T7:T39) -> 885.8 | U41: =SUM(U7:U39) -> 146027.9 | V41: =P41/U41 -> 0.0039102117 | W41: =Q41/U41 -> 0.0021557524 | Z41: =SUM(Z7:Z39) -> 27.5 | AA41: =SUM(AA7:AA39) -> 0 | AB41: =SUM(AB7:AB39) -> 50 | AC41: =SUM(AC7:AC39) -> 22.5 | AD41: =SUM(AD7:AD39) -> 16.5 | AE41: =SUM(AE7:AE39) -> 28 | AF41: =SUM(AF7:AF39) -> 36.5 | AG41: =SUM(AG7:AG39) -> 0 | ... AP41: =SUM(AP7:AP39) -> 0 | AR41: =SUM(AR7:AR39) -> 493 | AS41: =SUM(AS7:AS39) -> 67548.8 | AT41: =AN41/AS41 -> 0.0043894192 | AU41: =AO41/AS41 -> 0.002909008 | AX41: =SUM(AX7:AX39) -> 10.5 | AY41: =SUM(AY7:AY39) -> 0 | AZ41: =SUM(AZ7:AZ39) -> 21.5 | BA41: =SUM(BA7:BA39) -> 2 | BB41: =SUM(BB7:BB39) -> 5 | BC41: =SUM(BC7:BC39) -> 13 | BD41: =SUM(BD7:BD39) -> 13 | BE41: =SUM(BE7:BE39) -> 0 | ... BN41: =SUM(BN7:BN39) -> 0 | BP41: =SUM(BP7:BP39) -> 153 | BQ41: =SUM(BQ7:BQ39) -> 17547.12 | BR41: =BL41/BQ41 -> 0.0042742057 | BS41: =BM41/BQ41 -> 0.0044451739 | BV41: =SUM(BV7:BV39) -> 0 | BW41: =SUM(BW7:BW39) -> 0 | BX41: =SUM(BX7:BX39) -> 0 | BY41: =SUM(BY7:BY39) -> 0 | BZ41: =SUM(BZ7:BZ39) -> 0 | CA41: =SUM(CA7:CA39) -> 0 | CB41: =SUM(CB7:CB39) -> 0 | CC41: =SUM(CC7:CC39) -> 0 | ... CL41: =SUM(CL7:CL39) -> 0 | CN41: =SUM(CN7:CN39) -> 0 | CO41: =SUM(CO7:CO39) -> 0 | CP41: =CJ41/CO41 -> #DIV/0! | CQ41: =CK41/CO41 -> #DIV/0! | CT41: =SUM(CT7:CT39) -> 0 | CU41: =SUM(CU7:CU39) -> 0 | CV41: =SUM(CV7:CV39) -> 0 | CW41: =SUM(CW7:CW39) -> 0 | CX41: =SUM(CX7:CX39) -> 0 | CY41: =SUM(CY7:CY39) -> 0 | CZ41: =SUM(CZ7:CZ39) -> 0 | DA41: =SUM(DA7:DA39) -> 0 | ... DJ41: =SUM(DJ7:DJ39) -> 0 | DL41: =SUM(DL7:DL39) -> 0 | DM41: =SUM(DM7:DM39) -> 0 | DN41: =DH41/DM41 -> #DIV/0! | DO41: =DI41/DM41 -> #DIV/0! | DQ41: =SUM(DQ7:DQ39) -> 137.4 | DR41: =SUM(DR7:DR39) -> 0 | DS41: =SUM(DS7:DS39) -> 149 | DT41: =SUM(DT7:DT39) -> 58.5 | DU41: =SUM(DU7:DU39) -> 45 | DV41: =SUM(DV7:DV39) -> 109.8 | DW41: =SUM(DW7:DW39) -> 107.8 | DX41: =SUM(DX7:DX39) -> 0 | ... EG41: =SUM(EG7:EG39) -> 0 | EI41: =SUM(EI7:EI39) -> 1531.8 | EJ41: =SUM(EJ7:EJ39) -> 231123.82 | EK41: =EE41/EJ41 -> 0.0040779008 | EL41: =EF41/EJ41 -> 0.0025497156
B43: =+B41/$U$41 -> 0.00068069184 | C43: =+C41/$U$41 -> 0 | D43: =+D41/$U$41 -> 0.0005307205 | E43: =+E41/$U$41 -> 0.00023283222 | F43: =+F41/$U$41 -> 0.00016092815 | G43: =+G41/$U$41 -> 0.00047114284 | H43: =+H41/$U$41 -> 0.00039923878 | I43: =+I41/$U$41 -> 0 | ... S43: =+S41/$U$41 -> 0 | T43: =+T41/0.0125 -> 70864 | V43: =100%-V41-W41 -> 0.99393404 | Z43: =+Z41/$AS$41 -> 0.00040711308 | AA43: =+AA41/$AS$41 -> 0 | AB43: =+AB41/$AS$41 -> 0.0007402056 | AC43: =+AC41/$AS$41 -> 0.00033309252 | AD43: =+AD41/$AS$41 -> 0.00024426785 | AE43: =+AE41/$AS$41 -> 0.00041451514 | AF43: =+AF41/$AS$41 -> 0.00054035009 | AG43: =+AG41/$AS$41 -> 0 | ... AQ43: =+AQ41/$AS$41 -> 0 | AR43: =+AR41/0.021 -> 23476.19 | AT43: =100%-AT41-AU41 -> 0.99270157 | AX43: =+AX41/$BQ$41 -> 0.0005983888 | AY43: =+AY41/$BQ$41 -> 0 | AZ43: =+AZ41/$BQ$41 -> 0.0012252723 | BA43: =+BA41/$BQ$41 -> 0.00011397882 | BB43: =+BB41/$BQ$41 -> 0.00028494705 | BC43: =+BC41/$BQ$41 -> 0.00074086232 | BD43: =+BD41/$BQ$41 -> 0.00074086232 | BE43: =+BE41/$BQ$41 -> 0 | ... BO43: =+BO41/$BQ$41 -> 0 | BP43: =+BP41/0.021 -> 7285.7143 | BR43: =100%-BR41-BS41 -> 0.99128062 | BV43: =+BV41/$CO$41 -> #DIV/0! | BW43: =+BW41/$CO$41 -> #DIV/0! | BX43: =+BX41/$CO$41 -> #DIV/0! | BY43: =+BY41/$CO$41 -> #DIV/0! | BZ43: =+BZ41/$CO$41 -> #DIV/0! | CA43: =+CA41/$CO$41 -> #DIV/0! | CB43: =+CB41/$CO$41 -> #DIV/0! | CC43: =+CC41/$CO$41 -> #DIV/0! | ... CM43: =+CM41/$CO$41 -> #DIV/0! | CN43: =+CN41/0.021 -> 0 | CP43: =100%-CP41-CQ41 -> #DIV/0! | CT43: =+CT41/$DM$41 -> #DIV/0! | CU43: =+CU41/$DM$41 -> #DIV/0! | CV43: =+CV41/$DM$41 -> #DIV/0! | CW43: =+CW41/$DM$41 -> #DIV/0! | CX43: =+CX41/$DM$41 -> #DIV/0! | CY43: =+CY41/$DM$41 -> #DIV/0! | CZ43: =+CZ41/$DM$41 -> #DIV/0! | DA43: =+DA41/$DM$41 -> #DIV/0! | ... DK43: =+DK41/$DM$41 -> #DIV/0! | DL43: =+DL41/0.023 -> 0 | DN43: =100%-DN41-DO41 -> #DIV/0! | DQ43: =+DQ41/$EJ$41 -> 0.00059448654 | DR43: =+DR41/$EJ$41 -> 0 | DS43: =+DS41/$EJ$41 -> 0.00064467609 | DT43: =+DT41/$EJ$41 -> 0.00025311108 | DU43: =+DU41/$EJ$41 -> 0.00019470083 | DV43: =+DV41/$EJ$41 -> 0.00047507003 | DW43: =+DW41/$EJ$41 -> 0.00046641666 | DX43: =+DX41/$EJ$41 -> 0 | ... EH43: =+EH41/$EJ$41 -> 0 | EI43: =+T43+AR43+BP43+CN43+DL43 -> 101625.9 | EK43: =100%-EK41-EL41 -> 0.99337238
T44: =+T43*0.125 -> 8858 | AR44: =+AR43*0.185 -> 4343.0952 | BP44: =+BP43*0.185 -> 1347.8571 | CN44: =+CN43*0.185 -> 0 | DL44: =+DL43*0.185 -> 0 | EI44: =+T44+AR44+BP44+CN44+DL44 -> 14548.952
T45: =+T44/1500 -> 5.9053333 | AR45: =+AR44/1500 -> 2.8953968 | BP45: =+BP44/1500 -> 0.89857143 | CN45: =+CN44/1500 -> 0 | DL45: =+DL44/1500 -> 0

Sheet DAILY OKEY AYAM
A1: DAILY LAPORAN FINISHGOOD RELEASE SOSIS OKEY
A3: =+'DAILY CHAMP AYAM'!A3:AD3 -> JULI'26
I4: =+I174 -> 0 | AC4: =+AC174 -> 0
A5: Tgl | B5: Tanggal Produksi | C5: Kode Batch | D5: KARANTINA PRODUKSI | E5: OUTPUT | AD5: KETERANGAN
E6: WAREHOUSE | I6: TOTAL WH | J6: OTHER | K6: RIJECT SORTASI | AC6: TOTAL REJECT
E7: Sosis Retort Okey 12,5 gram | G7: Sosis Retort Okey 15 gram | K7: Keriput | L7: Bengkok | M7: Air Trap Produk | N7: Air Trap PVDC | O7: Klip Tajam | P7: Klip Terjepit | Q7: Klip Rusak | R7: Size tidak standart | S7: Seal Panas | T7: Seal Pecah | U7: Seal Loncat | V7: Non Kode | W7: Pin Hole | X7: Sobek Bawah Klip | Y7: Lendir | Z7: Belatung | AA7: Sisa Adonan | AB7: Rework
D8: Kg | E8: Box | F8: Kg | G8: Box | H8: Kg | J8: Kg | K8: Kg | L8: Kg | M8: Kg | N8: Kg | O8: Kg | P8: Kg | Q8: Kg | R8: Kg | S8: Kg | T8: Kg | U8: Kg | V8: Kg | W8: Kg | X8: Kg | Y8: Kg | Z8: Kg | AA8: Kg | AB8: Kg
A10: 46212 | B10: 46204 | C10: QG01701 | D10: =+'Actual VS SAP'!B6 -> 10210.625 | E10: =416+18+3 -> 437 | F10: =+E10*3.875 -> 1693.375 | H10: =+G10*4.5 -> 0 | I10: =+F10+H10 -> 1693.375 | K10: 2.45 | L10: 3.45 | M10: 0.5 | O10: 21 | P10: 0.7 | R10: 0.95 | T10: 1.75 | AC10: =SUM(K10:AB10) -> 30.8
B11: 46204 | C11: QG01702 | E11: 392 | F11: =+E11*3.875 -> 1519 | H11: =+G11*4.5 -> 0 | I11: =+F11+H11 -> 1519 | K11: 2.5 | L11: 3.1 | M11: 1.45 | O11: 3.85 | P11: 0.2 | R11: 0.4 | T11: 1.1 | AC11: =SUM(K11:AB11) -> 12.6
B12: 46204 | C12: QG01703 | E12: =347+86 -> 433 | F12: =+E12*3.875 -> 1677.875 | H12: =+G12*4.5 -> 0 | I12: =+F12+H12 -> 1677.875 | K12: 1.2 | L12: 4.2 | M12: 0.25 | O12: 10.1 | R12: 0.25 | T12: 1.1 | AC12: =SUM(K12:AB12) -> 17.1
B13: 46204 | C13: QG01704 | E13: 466 | F13: =+E13*3.875 -> 1805.75 | H13: =+G13*4.5 -> 0 | I13: =+F13+H13 -> 1805.75 | K13: 1.75 | L13: 3.5 | O13: 7.85 | P13: 0.85 | T13: 1.8 | AC13: =SUM(K13:AB13) -> 15.75
B14: 46204 | C14: QG01705 | E14: 438 | F14: =+E14*3.875 -> 1697.25 | H14: =+G14*4.5 -> 0 | I14: =+F14+H14 -> 1697.25 | K14: 4.35 | L14: 6.75 | O14: 19.25 | P14: 0.9 | R14: 2.75 | T14: 0.8 | AC14: =SUM(K14:AB14) -> 34.8
B15: 46204 | C15: QG01706 | F15: =+E15*3.875 -> 0 | H15: =+G15*4.5 -> 0 | I15: =+F15+H15 -> 0 | K15: 12.2 | L15: 21 | M15: 2.2 | O15: 62.05 | P15: 2.65 | R15: 4.35 | T15: 6.55 | AC15: =SUM(K15:AB15) -> 111
A16: 46213 | B16: 46204 | C16: QG01705 | E16: 21 | F16: =+E16*3.875 -> 81.375 | H16: =+G16*4.5 -> 0 | I16: =+F16+H16 -> 81.375 | AC16: =SUM(K16:AB16) -> 0
B17: 46204 | C17: QG01706 | E17: 281 | F17: =+E17*3.875 -> 1088.875 | H17: =+G17*4.5 -> 0 | I17: =+F17+H17 -> 1088.875 | K17: 3.39 | L17: 5.55 | N17: 1.55 | O17: 4.35 | P17: 0.85 | R17: 1.2 | T17: 0.6 | AC17: =SUM(K17:AB17) -> 17.49
B18: 46204 | C18: QG01707 | E18: 99 | F18: =+E18*3.875 -> 383.625 | H18: =+G18*4.5 -> 0 | I18: =+F18+H18 -> 383.625 | K18: 0.75 | L18: 1.25 | N18: 0.5 | O18: 0.9 | R18: 0.75 | T18: 0.5 | AC18: =SUM(K18:AB18) -> 4.65
B19: 46209 | C19: QG06701 | D19: =+'Actual VS SAP'!B11 -> 1495.75 | E19: 378 | F19: =+E19*3.875 -> 1464.75 | H19: =+G19*4.5 -> 0 | I19: =+F19+H19 -> 1464.75 | K19: 0.32 | L19: 0.5 | O19: 1.2 | P19: 0.5 | R19: 4.95 | T19: 1.5 | AC19: =SUM(K19:AB19) -> 8.97
B20: 46210 | C20: QG07701 | D20: =+'Actual VS SAP'!B12 -> 12775.875 | E20: 455 | F20: =+E20*3.875 -> 1763.125 | H20: =+G20*4.5 -> 0 | I20: =+F20+H20 -> 1763.125 | K20: 0.42 | L20: 0.84 | O20: 15.45 | P20: 0.75 | R20: 1.1 | T20: 1.7 | AC20: =SUM(K20:AB20) -> 20.26
B21: 46210 | C21: QG07702 | E21: 418 | F21: =+E21*3.875 -> 1619.75 | H21: =+G21*4.5 -> 0 | I21: =+F21+H21 -> 1619.75 | K21: 0.9 | L21: 0.9 | O21: 5.1 | R21: 0.47 | S21: 0.11 | T21: 0.98 | AC21: =SUM(K21:AB21) -> 8.46
B22: 46210 | C22: QG07703 | E22: =282+141 -> 423 | F22: =+E22*3.875 -> 1639.125 | H22: =+G22*4.5 -> 0 | I22: =+F22+H22 -> 1639.125 | K22: 0.8 | L22: 1.25 | O22: 8.75 | P22: 1.75 | R22: 0.7 | T22: 1.4 | AC22: =SUM(K22:AB22) -> 14.65
B23: 46210 | C23: QG07704 | F23: =+E23*3.875 -> 0 | H23: =+G23*4.5 -> 0 | I23: =+F23+H23 -> 0 | K23: 2.1 | L23: 1.6 | O23: 5.6 | R23: 2.45 | T23: 0.91 | AC23: =SUM(K23:AB23) -> 12.66
A24: 46214 | B24: 46210 | C24: QG07704 | E24: 422 | F24: =+E24*3.875 -> 1635.25 | H24: =+G24*4.5 -> 0 | I24: =+F24+H24 -> 1635.25 | K24: 1.5 | L24: 1.2 | N24: 0.32 | O24: 4.2 | R24: 0.62 | S24: 0.06 | T24: 0.56 | AC24: =SUM(K24:AB24) -> 8.46
B25: 46210 | C25: QG07705 | E25: 436 | F25: =+E25*3.875 -> 1689.5 | H25: =+G25*4.5 -> 0 | I25: =+F25+H25 -> 1689.5 | K25: 1.33 | L25: 2.74 | O25: 8.36 | P25: 0.75 | R25: 0.7 | S25: 0.15 | T25: 2.1 | AC25: =SUM(K25:AB25) -> 16.13
B26: 46210 | C26: QG07706 | E26: 387 | F26: =+E26*3.875 -> 1499.625 | H26: =+G26*4.5 -> 0 | I26: =+F26+H26 -> 1499.625 | K26: 1.04 | L26: 2.8 | N26: 0.8 | O26: 19.92 | P26: 0.85 | R26: 0.8 | T26: 0.9 | AC26: =SUM(K26:AB26) -> 27.11
B27: 46210 | C27: QG07707 | E27: =99+121 -> 220 | F27: =+E27*3.875 -> 852.5 | H27: =+G27*4.5 -> 0 | I27: =+F27+H27 -> 852.5 | K27: 1.66 | L27: 2 | O27: 4.24 | P27: 0.62 | R27: 2.2 | T27: 0.92 | AC27: =SUM(K27:AB27) -> 11.64
B28: 46210 | C28: QG07708 | E28: 444 | F28: =+E28*3.875 -> 1720.5 | H28: =+G28*4.5 -> 0 | I28: =+F28+H28 -> 1720.5 | K28: 3.2 | L28: 7.45 | N28: 2.1 | O28: 4.45 | P28: 1.4 | R28: 12.46 | T28: 1.9 | AC28: =SUM(K28:AB28) -> 32.96
B29: 46211 | C29: QG08701 | D29: =+'Actual VS SAP'!B13 -> 14426.625 | E29: 487 | F29: =+E29*3.875 -> 1887.125 | H29: =+G29*4.5 -> 0 | I29: =+F29+H29 -> 1887.125 | K29: 1.98 | L29: 3.44 | O29: 6.85 | P29: 1.1 | R29: 3.04 | T29: 1.84 | AC29: =SUM(K29:AB29) -> 18.25
B30: 46211 | C30: QG08702 | E30: 471 | F30: =+E30*3.875 -> 1825.125 | H30: =+G30*4.5 -> 0 | I30: =+F30+H30 -> 1825.125 | K30: 0.62 | L30: 1.98 | N30: 0.14 | O30: 3.9 | P30: 0.1 | T30: 2.38 | AC30: =SUM(K30:AB30) -> 9.12
B31: 46211 | C31: QG08703 | E31: =197+168 -> 365 | F31: =+E31*3.875 -> 1414.375 | H31: =+G31*4.5 -> 0 | I31: =+F31+H31 -> 1414.375 | K31: 1.4 | L31: 2.06 | O31: 6.68 | P31: 2.44 | R31: 0.76 | T31: 1.74 | AC31: =SUM(K31:AB31) -> 15.08
B32: 46211 | C32: QG08704 | F32: =+E32*3.875 -> 0 | H32: =+G32*4.5 -> 0 | I32: =+F32+H32 -> 0 | K32: 0.8 | L32: 0.9 | O32: 1.6 | T32: 1.12 | AC32: =SUM(K32:AB32) -> 4.42
A33: 46216 | B33: 46211 | C33: QG08704 | E33: 350 | F33: =+E33*3.875 -> 1356.25 | H33: =+G33*4.5 -> 0 | I33: =+F33+H33 -> 1356.25 | K33: 0.04 | L33: 0.12 | O33: 0.06 | P33: 0.02 | T33: 0.26 | AC33: =SUM(K33:AB33) -> 0.5
B34: 46211 | C34: QG08705 | E34: 514 | F34: =+E34*3.875 -> 1991.75 | H34: =+G34*4.5 -> 0 | I34: =+F34+H34 -> 1991.75 | K34: 1.6 | L34: 3.92 | O34: 2.56 | P34: 0.12 | R34: 0.36 | T34: 1.96 | AC34: =SUM(K34:AB34) -> 10.52
B35: 46211 | C35: QG08706 | E35: 448 | F35: =+E35*3.875 -> 1736 | H35: =+G35*4.5 -> 0 | I35: =+F35+H35 -> 1736 | K35: 2.26 | L35: 3.7 | O35: 13.78 | P35: 0.24 | R35: 0.68 | T35: 2.26 | AC35: =SUM(K35:AB35) -> 22.92
B36: 46211 | C36: QG08707 | E36: 355 | F36: =+E36*3.875 -> 1375.625 | H36: =+G36*4.5 -> 0 | I36: =+F36+H36 -> 1375.625 | K36: 1.7 | L36: 3.3 | O36: 6.36 | P36: 0.5 | R36: 0.3 | S36: 1.55 | T36: 1.7 | AC36: =SUM(K36:AB36) -> 15.41
B37: 46211 | C37: QG08708 | E37: 184 | F37: =+E37*3.875 -> 713 | H37: =+G37*4.5 -> 0 | I37: =+F37+H37 -> 713 | K37: 1.06 | L37: 2.75 | O37: 3.42 | P37: 0.3 | R37: 2.44 | T37: 0.2 | AC37: =SUM(K37:AB37) -> 10.17
B38: 46211 | C38: QG08709 | E38: 435 | F38: =+E38*3.875 -> 1685.625 | H38: =+G38*4.5 -> 0 | I38: =+F38+H38 -> 1685.625 | K38: 2 | L38: 3.75 | O38: 3.9 | P38: 0.35 | R38: 1.84 | T38: 1.7 | AC38: =SUM(K38:AB38) -> 13.54
B39: 46212 | C39: QG09701 | D39: =+'HASIL PROD'!D102 -> 15209.375 | F39: =+E39*3.875 -> 0 | H39: =+G39*4.5 -> 0 | I39: =+F39+H39 -> 0 | K39: 3.68 | L39: 4.16 | O39: 7.14 | P39: 0.8 | R39: 0.42 | T39: 1.4 | AC39: =SUM(K39:AB39) -> 17.6
B40: 46212 | C40: QG09702 | F40: =+E40*3.875 -> 0 | H40: =+G40*4.5 -> 0 | I40: =+F40+H40 -> 0 | K40: 3 | L40: 3.6 | O40: 3.86 | P40: 0.15 | R40: 1.1 | T40: 1.7 | AC40: =SUM(K40:AB40) -> 13.41
B41: 46212 | C41: QG09703 | F41: =+E41*3.875 -> 0 | H41: =+G41*4.5 -> 0 | I41: =+F41+H41 -> 0 | K41: 1.2 | L41: 2.2 | O41: 3.74 | P41: 0.15 | R41: 0.3 | T41: 0.28 | AC41: =SUM(K41:AB41) -> 7.87
A42: 46217 | B42: 46212 | C42: QG09701 | E42: 404 | F42: =+E42*3.875 -> 1565.5 | H42: =+G42*4.5 -> 0 | I42: =+F42+H42 -> 1565.5 | AC42: =SUM(K42:AB42) -> 0
B43: 46212 | C43: QG09702 | E43: 443 | F43: =+E43*3.875 -> 1716.625 | H43: =+G43*4.5 -> 0 | I43: =+F43+H43 -> 1716.625 | AC43: =SUM(K43:AB43) -> 0
B44: 46212 | C44: QG09703 | E44: 446 | F44: =+E44*3.875 -> 1728.25 | H44: =+G44*4.5 -> 0 | I44: =+F44+H44 -> 1728.25 | K44: 1.7 | L44: 4.2 | O44: 7 | P44: 0.07 | R44: 1 | T44: 0.7 | AC44: =SUM(K44:AB44) -> 14.67
B45: 46212 | C45: QG09704 | E45: 420 | F45: =+E45*3.875 -> 1627.5 | H45: =+G45*4.5 -> 0 | I45: =+F45+H45 -> 1627.5 | K45: 1.02 | L45: 4 | O45: 3.7 | P45: 0.12 | R45: 0.3 | T45: 0.92 | AC45: =SUM(K45:AB45) -> 10.06
B46: 46212 | C46: QG09705 | E46: 464 | F46: =+E46*3.875 -> 1798 | H46: =+G46*4.5 -> 0 | I46: =+F46+H46 -> 1798 | K46: 2.74 | L46: 5 | O46: 9.75 | P46: 0.65 | R46: 0.5 | S46: 0.4 | T46: 2.45 | AC46: =SUM(K46:AB46) -> 21.49
B47: 46212 | C47: QG09706 | E47: 424 | F47: =+E47*3.875 -> 1643 | H47: =+G47*4.5 -> 0 | I47: =+F47+H47 -> 1643 | K47: 3.4 | L47: 6.35 | O47: 8.92 | P47: 0.5 | R47: 0.5 | T47: 2.4 | AC47: =SUM(K47:AB47) -> 22.07
B48: 46212 | C48: QG09707 | E48: 39 | F48: =+E48*3.875 -> 151.125 | H48: =+G48*4.5 -> 0 | I48: =+F48+H48 -> 151.125 | K48: 5.2 | L48: 7.5 | M48: 1.2 | O48: 7.2 | R48: 0.22 | T48: 1.5 | AC48: =SUM(K48:AB48) -> 22.82
A49: 46218 | B49: 46212 | C49: QG09707 | E49: 367 | F49: =+E49*3.875 -> 1422.125 | H49: =+G49*4.5 -> 0 | I49: =+F49+H49 -> 1422.125 | K49: 0.2 | L49: 0.45 | O49: 2.35 | P49: 0.15 | R49: 0.2 | T49: 1.3 | AC49: =SUM(K49:AB49) -> 4.65
B50: 46212 | C50: QG09708 | E50: 293 | F50: =+E50*3.875 -> 1135.375 | H50: =+G50*4.5 -> 0 | I50: =+F50+H50 -> 1135.375 | K50: 2.32 | L50: 4.75 | M50: 0.6 | O50: 13.35 | P50: 0.4 | R50: 0.4 | T50: 2.1 | AC50: =SUM(K50:AB50) -> 23.92
B51: 46212 | C51: QG09709 | E51: 441 | F51: =+E51*3.875 -> 1708.875 | H51: =+G51*4.5 -> 0 | I51: =+F51+H51 -> 1708.875 | K51: 2.4 | L51: 7 | O51: 10.8 | P51: 1.7 | R51: 0.65 | T51: 0.92 | AC51: =SUM(K51:AB51) -> 23.47
B52: 46213 | C52: QG10701 | D52: =+'HASIL PROD'!D113 -> 14418.875 | E52: 437 | F52: =+E52*3.875 -> 1693.375 | H52: =+G52*4.5 -> 0 | I52: =+F52+H52 -> 1693.375 | J52: =(9+7)*3.875 -> 62 | K52: 1.85 | L52: 5.65 | M52: 1.1 | O52: 2.15 | P52: 0.4 | AC52: =SUM(K52:AB52) -> 11.15
B53: 46213 | C53: QG10702 | E53: 362 | F53: =+E53*3.875 -> 1402.75 | H53: =+G53*4.5 -> 0 | I53: =+F53+H53 -> 1402.75 | J53: =(38)*3.875 -> 147.25 | K53: 1.6 | L53: 2.4 | M53: 1.15 | O53: 7.1 | P53: 0.55 | AC53: =SUM(K53:AB53) -> 12.8
B54: 46213 | C54: QG10703 | E54: 26 | F54: =+E54*3.875 -> 100.75 | H54: =+G54*4.5 -> 0 | I54: =+F54+H54 -> 100.75 | K54: 2.48 | L54: 5.34 | M54: 0.44 | O54: 0.75 | P54: 0.2 | AC54: =SUM(K54:AB54) -> 9.21
A55: 46219 | B55: 46213 | C55: QG10703 | E55: 201 | F55: =+E55*3.875 -> 778.875 | H55: =+G55*4.5 -> 0 | I55: =+F55+H55 -> 778.875 | AC55: =SUM(K55:AB55) -> 0
A56: 46223 | B56: 46213 | C56: QG10703 | F56: =+E56*3.875 -> 0 | H56: =+G56*4.5 -> 0 | I56: =+F56+H56 -> 0 | K56: 0.16 | L56: 1.58 | N56: 0.88 | O56: 1.6 | P56: 0.4 | T56: 1.54 | AC56: =SUM(K56:AB56) -> 6.16
B57: 46213 | C57: QG10704 | F57: =+E57*3.875 -> 0 | H57: =+G57*4.5 -> 0 | I57: =+F57+H57 -> 0 | K57: 1.8 | L57: 2.2 | N57: 0.56 | O57: 2.92 | P57: 0.08 | T57: 1.72 | AC57: =SUM(K57:AB57) -> 9.28
B58: 46213 | C58: QG10705 | F58: =+E58*3.875 -> 0 | H58: =+G58*4.5 -> 0 | I58: =+F58+H58 -> 0 | K58: 0.68 | L58: 0.64 | N58: 0.24 | O58: 0.88 | P58: 0.06 | T58: 0.74 | AC58: =SUM(K58:AB58) -> 3.24
A59: 46224 | B59: 46213 | C59: QG10703 | E59: 200 | F59: =+E59*3.875 -> 775 | H59: =+G59*4.5 -> 0 | I59: =+F59+H59 -> 775 | AC59: =SUM(K59:AB59) -> 0
B60: 46213 | C60: QG10704 | E60: 414 | F60: =+E60*3.875 -> 1604.25 | H60: =+G60*4.5 -> 0 | I60: =+F60+H60 -> 1604.25 | AC60: =SUM(K60:AB60) -> 0
B61: 46213 | C61: QG10705 | E61: 430 | F61: =+E61*3.875 -> 1666.25 | H61: =+G61*4.5 -> 0 | I61: =+F61+H61 -> 1666.25 | K61: 2.8 | L61: 3.2 | N61: 0.24 | O61: 3 | P61: 2.1 | T61: 0.74 | AC61: =SUM(K61:AB61) -> 12.08
B62: 46213 | C62: QG10706 | E62: 344 | F62: =+E62*3.875 -> 1333 | H62: =+G62*4.5 -> 0 | I62: =+F62+H62 -> 1333 | J62: =(52)*3.875 -> 201.5 | K62: 5.2 | L62: 4.2 | O62: 1.05 | T62: 1.5 | AC62: =SUM(K62:AB62) -> 11.95
B63: 46213 | C63: QG10707 | E63: 404 | F63: =+E63*3.875 -> 1565.5 | H63: =+G63*4.5 -> 0 | I63: =+F63+H63 -> 1565.5 | K63: 1.6 | L63: 7.5 | O63: 2.65 | P63: 0.3 | R63: 0.8 | T63: 2.04 | AC63: =SUM(K63:AB63) -> 14.89
B64: 46213 | C64: QG10708 | E64: 353 | F64: =+E64*3.875 -> 1367.875 | H64: =+G64*4.5 -> 0 | I64: =+F64+H64 -> 1367.875 | K64: 0.9 | L64: 5.5 | O64: 3.8 | P64: 0.8 | R64: 0.8 | T64: 1.7 | U64: 0.5 | AC64: =SUM(K64:AB64) -> 14
B65: 46213 | C65: QG10709 | E65: 236 | F65: =+E65*3.875 -> 914.5 | H65: =+G65*4.5 -> 0 | I65: =+F65+H65 -> 914.5 | K65: 1.92 | L65: 4.35 | N65: 0.8 | O65: 4.1 | P65: 0.68 | R65: 1.1 | T65: 1.1 | AC65: =SUM(K65:AB65) -> 14.05
B66: 46220 | C66: QG17701 | D66: =+'HASIL PROD'!D190 -> 8610.25 | E66: 405 | F66: =+E66*3.875 -> 1569.375 | H66: =+G66*4.5 -> 0 | I66: =+F66+H66 -> 1569.375 | K66: 1.18 | L66: 3.35 | N66: 0.5 | O66: 4.45 | P66: 0.42 | R66: 2.1 | T66: 1.1 | AC66: =SUM(K66:AB66) -> 13.1
B67: 46220 | C67: QG17702 | E67: 61 | F67: =+E67*3.875 -> 236.375 | H67: =+G67*4.5 -> 0 | I67: =+F67+H67 -> 236.375 | K67: 0.38 | L67: 1.45 | O67: 0.4 | R67: 0.2 | T67: 0.4 | AC67: =SUM(K67:AB67) -> 2.83
A68: 46225 | B68: 46220 | C68: QG17702 | E68: 379 | F68: =+E68*3.875 -> 1468.625 | H68: =+G68*4.5 -> 0 | I68: =+F68+H68 -> 1468.625 | K68: 0.67 | L68: 2.9 | O68: 7.5 | P68: 0.53 | T68: 1.04 | AC68: =SUM(K68:AB68) -> 12.64
B69: 46220 | C69: QG17703 | E69: 456 | F69: =+E69*3.875 -> 1767 | H69: =+G69*4.5 -> 0 | I69: =+F69+H69 -> 1767 | K69: 3 | L69: 3.4 | O69: 3.2 | P69: 0.7 | T69: 4.75 | AC69: =SUM(K69:AB69) -> 15.05
B70: 46220 | C70: QG17704 | E70: 474 | F70: =+E70*3.875 -> 1836.75 | H70: =+G70*4.5 -> 0 | I70: =+F70+H70 -> 1836.75 | K70: 3.7 | L70: 5.4 | O70: 7.54 | P70: 0.7 | T70: 0.9 | V70: 0.4 | AC70: =SUM(K70:AB70) -> 18.64
B71: 46220 | C71: QG17705 | E71: 79 | F71: =+E71*3.875 -> 306.125 | H71: =+G71*4.5 -> 0 | I71: =+F71+H71 -> 306.125 | K71: 0.7 | L71: 0.7 | N71: 0.26 | O71: 1.5 | T71: 0.5 | AC71: =SUM(K71:AB71) -> 3.66
A72: 46226 | B72: 46220 | C72: QG17705 | E72: 272 | F72: =+E72*3.875 -> 1054 | H72: =+G72*4.5 -> 0 | I72: =+F72+H72 -> 1054 | K72: 2 | L72: 3 | O72: 1.5 | R72: 1 | T72: 1.3 | AC72: =SUM(K72:AB72) -> 8.8
B73: 46223 | C73: QG20701 | D73: =+'HASIL PROD'!D223 -> 1553.875 | E73: 384 | F73: =+E73*3.875 -> 1488 | H73: =+G73*4.5 -> 0 | I73: =+F73+H73 -> 1488 | K73: 1.5 | L73: 1.4 | M73: 2.2 | O73: 3 | P73: 0.37 | R73: 0.68 | S73: 2.3 | T73: 0.9 | AC73: =SUM(K73:AB73) -> 12.35
B74: 46224 | C74: QG21701 | D74: =+'HASIL PROD'!D234 -> 14666.875 | E74: 411 | F74: =+E74*3.875 -> 1592.625 | H74: =+G74*4.5 -> 0 | I74: =+F74+H74 -> 1592.625 | J74: =(34)*3.875 -> 131.75 | K74: 0.8 | L74: 3.2 | O74: 22 | R74: 0.3 | S74: 1.6 | T74: 2.7 | AC74: =SUM(K74:AB74) -> 30.6
B75: 46224 | C75: QG21702 | E75: 416 | F75: =+E75*3.875 -> 1612 | H75: =+G75*4.5 -> 0 | I75: =+F75+H75 -> 1612 | K75: 0.7 | L75: 3.75 | M75: 2.45 | O75: 10.45 | P75: 0.2 | R75: 0.34 | T75: 1.7 | AC75: =SUM(K75:AB75) -> 19.59
B76: 46224 | C76: QG21703 | E76: 447 | F76: =+E76*3.875 -> 1732.125 | H76: =+G76*4.5 -> 0 | I76: =+F76+H76 -> 1732.125 | K76: 0.9 | L76: 4 | O76: 7.4 | P76: 0.18 | R76: 0.4 | T76: 1.3 | AC76: =SUM(K76:AB76) -> 14.18
B77: 46224 | C77: QG21704 | E77: =211+165 -> 376 | F77: =+E77*3.875 -> 1457 | H77: =+G77*4.5 -> 0 | I77: =+F77+H77 -> 1457 | K77: 0.35 | L77: 1.1 | O77: 3.4 | P77: 0.2 | R77: 0.45 | T77: 1.5 | AC77: =SUM(K77:AB77) -> 7
A78: 46227 | B78: 46224 | C78: QG21704 | E78: 117 | F78: =+E78*3.875 -> 453.375 | H78: =+G78*4.5 -> 0 | I78: =+F78+H78 -> 453.375 | K78: 1.2 | L78: 1 | O78: 0.8 | S78: 0.16 | T78: 0.3 | AC78: =SUM(K78:AB78) -> 3.46
B79: 46224 | C79: QG21705 | E79: 426 | F79: =+E79*3.875 -> 1650.75 | H79: =+G79*4.5 -> 0 | I79: =+F79+H79 -> 1650.75 | K79: 2.1 | L79: 2 | O79: 3.5 | S79: 0.2 | T79: 0.6 | AC79: =SUM(K79:AB79) -> 8.4
B80: 46224 | C80: QG21706 | E80: 438 | F80: =+E80*3.875 -> 1697.25 | H80: =+G80*4.5 -> 0 | I80: =+F80+H80 -> 1697.25 | K80: 1.4 | L80: 5.4 | O80: 19 | R80: 1.63 | T80: 1.01 | AC80: =SUM(K80:AB80) -> 28.44
B81: 46224 | C81: QG21707 | E81: 418 | F81: =+E81*3.875 -> 1619.75 | H81: =+G81*4.5 -> 0 | I81: =+F81+H81 -> 1619.75 | K81: 1.75 | L81: 5.14 | O81: 10.75 | P81: 0.9 | R81: 0.53 | T81: 5.14 | AC81: =SUM(K81:AB81) -> 24.21
B82: 46224 | C82: QG21708 | E82: 211 | F82: =+E82*3.875 -> 817.625 | H82: =+G82*4.5 -> 0 | I82: =+F82+H82 -> 817.625 | J82: =(16)*3.875 -> 62 | K82: 0.94 | L82: 2.5 | O82: 11.7 | P82: 0.78 | R82: 0.7 | T82: 0.9 | AC82: =SUM(K82:AB82) -> 17.52
B83: 46224 | C83: QG21709 | E83: 40 | F83: =+E83*3.875 -> 155 | H83: =+G83*4.5 -> 0 | I83: =+F83+H83 -> 155 | K83: 0.84 | L83: 4.7 | O83: 4.4 | P83: 0.6 | T83: 0.7 | AC83: =SUM(K83:AB83) -> 11.24
A84: 46228 | B84: 46224 | C84: QG21709 | E84: 351 | F84: =+E84*3.875 -> 1360.125 | H84: =+G84*4.5 -> 0 | I84: =+F84+H84 -> 1360.125 | K84: 0.4 | L84: 2.1 | O84: 1.04 | P84: 0.14 | T84: 1.2 | AC84: =SUM(K84:AB84) -> 4.88
B85: 46225 | C85: QG22701 | D85: =+'HASIL PROD'!D245 -> 13674.875 | E85: 437 | F85: =+E85*3.875 -> 1693.375 | H85: =+G85*4.5 -> 0 | I85: =+F85+H85 -> 1693.375 | K85: 3.2 | L85: 4.4 | O85: 2.5 | P85: 0.6 | R85: 0.5 | T85: 1.3 | AC85: =SUM(K85:AB85) -> 12.5
B86: 46225 | C86: QG22702 | E86: 455 | F86: =+E86*3.875 -> 1763.125 | H86: =+G86*4.5 -> 0 | I86: =+F86+H86 -> 1763.125 | K86: 3.75 | L86: 5 | O86: 21 | P86: 0.2 | T86: 1.8 | AC86: =SUM(K86:AB86) -> 31.75
B87: 46225 | C87: QG22703 | E87: 461 | F87: =+E87*3.875 -> 1786.375 | H87: =+G87*4.5 -> 0 | I87: =+F87+H87 -> 1786.375 | K87: 1.5 | L87: 2.1 | O87: 4.2 | R87: 0.4 | T87: 0.64 | AC87: =SUM(K87:AB87) -> 8.84
B88: 46225 | C88: QG22704 | E88: =132+343 -> 475 | F88: =+E88*3.875 -> 1840.625 | H88: =+G88*4.5 -> 0 | I88: =+F88+H88 -> 1840.625 | K88: 1.7 | L88: 3.7 | O88: 3.75 | P88: 0.15 | R88: 1.2 | T88: 0.2 | AC88: =SUM(K88:AB88) -> 10.7
A89: 46230 | B89: 46225 | C89: QG22705 | E89: 425 | F89: =+E89*3.875 -> 1646.875 | H89: =+G89*4.5 -> 0 | I89: =+F89+H89 -> 1646.875 | K89: 1.8 | L89: 2.5 | O89: 3.22 | P89: 0.08 | R89: 1.36 | T89: 1.5 | AC89: =SUM(K89:AB89) -> 10.46
B90: 46225 | C90: QG22706 | E90: 464 | F90: =+E90*3.875 -> 1798 | H90: =+G90*4.5 -> 0 | I90: =+F90+H90 -> 1798 | K90: 2.2 | L90: 4.5 | O90: 2.1 | T90: 1.76 | AC90: =SUM(K90:AB90) -> 10.56
B91: 46225 | C91: QG22707 | E91: 265 | F91: =+E91*3.875 -> 1026.875 | H91: =+G91*4.5 -> 0 | I91: =+F91+H91 -> 1026.875 | K91: 0.9 | L91: 2.75 | O91: 1.2 | P91: 0.2 | T91: 0.5 | AC91: =SUM(K91:AB91) -> 5.55
B92: 46225 | C92: QG22708 | E92: 432 | F92: =+E92*3.875 -> 1674 | H92: =+G92*4.5 -> 0 | I92: =+F92+H92 -> 1674 | J92: =+(10+25)*3.875 -> 135.625 | K92: 0.6 | L92: 1.15 | O92: 4.5 | P92: 0.6 | R92: 3.2 | T92: 1.9 | AC92: =SUM(K92:AB92) -> 11.95
B93: 46226 | C93: QG23701 | D93: =+'HASIL PROD'!D256 -> 16278.875 | E93: 390 | F93: =+E93*3.875 -> 1511.25 | H93: =+G93*4.5 -> 0 | I93: =+F93+H93 -> 1511.25 | K93: 0.9 | L93: 2.3 | O93: 8.5 | P93: 0.4 | T93: 2.7 | U93: 1 | AC93: =SUM(K93:AB93) -> 15.8
B94: 46226 | C94: QG23702 | E94: 474 | F94: =+E94*3.875 -> 1836.75 | H94: =+G94*4.5 -> 0 | I94: =+F94+H94 -> 1836.75 | K94: 0.88 | L94: 1.2 | O94: 6.1 | P94: 0.58 | R94: 0.76 | T94: 2.5 | AC94: =SUM(K94:AB94) -> 12.02
B95: 46226 | C95: QG23703 | E95: 421 | F95: =+E95*3.875 -> 1631.375 | H95: =+G95*4.5 -> 0 | I95: =+F95+H95 -> 1631.375 | K95: 1 | L95: 2.24 | O95: 3.5 | P95: 0.28 | R95: 0.3 | T95: 0.94 | AC95: =SUM(K95:AB95) -> 8.26
B96: 46226 | C96: QG23704 | E96: =365+90 -> 455 | F96: =+E96*3.875 -> 1763.125 | H96: =+G96*4.5 -> 0 | I96: =+F96+H96 -> 1763.125 | K96: 2.3 | L96: 2.8 | O96: 2.08 | R96: 0.3 | T96: 1.74 | AC96: =SUM(K96:AB96) -> 9.22
B97: 46226 | C97: QG23705 | F97: =+E97*3.875 -> 0 | H97: =+G97*4.5 -> 0 | I97: =+F97+H97 -> 0 | K97: 0.8 | L97: 0.5 | O97: 0.18 | AC97: =SUM(K97:AB97) -> 1.48
A98: 46231 | B98: 46226 | C98: QG23705 | E98: 420 | F98: =+E98*3.875 -> 1627.5 | H98: =+G98*4.5 -> 0 | I98: =+F98+H98 -> 1627.5 | K98: 4.8 | L98: 4.1 | O98: 14 | P98: 0.38 | R98: 0.3 | T98: 1.74 | AC98: =SUM(K98:AB98) -> 25.32
B99: 46226 | C99: QG23706 | E99: 436 | F99: =+E99*3.875 -> 1689.5 | H99: =+G99*4.5 -> 0 | I99: =+F99+H99 -> 1689.5 | K99: 2 | L99: 3.74 | O99: 5.14 | T99: 2.74 | AC99: =SUM(K99:AB99) -> 13.62
A100: 46232 | B100: 46226 | C100: QG23706 | F100: =+E100*3.875 -> 0 | H100: =+G100*4.5 -> 0 | I100: =+F100+H100 -> 0 | K100: 0.34 | L100: 1.08 | O100: 0.48 | S100: 0.84 | T100: 0.74 | AC100: =SUM(K100:AB100) -> 3.48
B101: 46226 | C101: QG23707 | E101: 452 | F101: =+E101*3.875 -> 1751.5 | H101: =+G101*4.5 -> 0 | I101: =+F101+H101 -> 1751.5 | K101: 4.96 | L101: 3.68 | O101: 3.48 | P101: 0.08 | T101: 2.14 | AC101: =SUM(K101:AB101) -> 14.34
B102: 46226 | C102: QG23708 | E102: 252 | F102: =+E102*3.875 -> 976.5 | H102: =+G102*4.5 -> 0 | I102: =+F102+H102 -> 976.5 | K102: 3.5 | L102: 2.8 | O102: 4.76 | P102: 0.18 | T102: 1.5 | AC102: =SUM(K102:AB102) -> 12.74
...

Sheet DAILY CHAMP AYAM
A1: DAILY LAPORAN FINISHGOOD RELEASE SOSIS CHICKEN
A3: JULI'26
I4: =+I145 -> 0 | AC4: =+AC145 -> 0
A5: Tgl | B5: Tgl Produksi | C5: Kode Batch | D5: KARANTINA PRODUKSI | E5: OUTPUT | AD5: KETERANGAN
E6: WAREHOUSE | I6: TOTAL WH | J6: OTHER | K6: RIJECT SORTASI | AC6: TOTAL REJECT
E7: Sosis Retort Chicken Original (3,276 kg per box) | G7: Sosis Retort Chicken (3,588 kg per box) | K7: Keriput | L7: Bengkok | M7: Air Trap Produk | N7: Air Trap PVDC | O7: Klip Tajam | P7: Klip Terjepit | Q7: Klip Rusak | R7: Size tidak standart | S7: Seal Panas | T7: Seal Pecah | U7: Seal Loncat | V7: Non Kode | W7: Pin Hole | X7: Sobek Bawah Klip | Y7: Lendir | Z7: Belatung | AA7: Sisa Adonan | AB7: Rework
D8: Kg | E8: Box | F8: Kg | G8: Box | H8: Kg | J8: Kg | K8: Kg | L8: Kg | M8: Kg | N8: Kg | O8: Kg | P8: Kg | Q8: Kg | R8: Kg | S8: Kg | T8: Kg | U8: Kg | V8: Kg | W8: Kg | X8: Kg | Y8: Kg | Z8: Kg | AA8: Kg | AB8: Kg
A10: 46209 | B10: 46204 | C10: QG01701 | D10: =+'Actual VS SAP'!H6 -> 1516.788 | E10: 442 | F10: =+E10*3.276 -> 1447.992 | H10: =+G10*3.588 -> 0 | I10: =+F10+H10 -> 1447.992 | K10: 3.75 | L10: 6.45 | O10: 10.45 | P10: 1.1 | S10: 7.85 | T10: 1.4 | AC10: =SUM(K10:AB10) -> 31
B11: 46205 | C11: QG02701 | D11: =+'Actual VS SAP'!H7 -> 14447.16 | E11: 455 | F11: =+E11*3.276 -> 1490.58 | H11: =+G11*3.588 -> 0 | I11: =+F11+H11 -> 1490.58 | K11: 3.9 | L11: 7.5 | O11: 7.63 | P11: 0.8 | S11: 2.5 | T11: 1.28 | AC11: =SUM(K11:AB11) -> 23.61
B12: 46205 | C12: QG02702 | E12: 468 | F12: =+E12*3.276 -> 1533.168 | H12: =+G12*3.588 -> 0 | I12: =+F12+H12 -> 1533.168 | K12: 4.5 | L12: 6.45 | O12: 13.75 | P12: 0.75 | S12: 3.75 | T12: 0.98 | AC12: =SUM(K12:AB12) -> 30.18
B13: 46205 | C13: QG02703 | E13: 488 | F13: =+E13*3.276 -> 1598.688 | H13: =+G13*3.588 -> 0 | I13: =+F13+H13 -> 1598.688 | K13: 2.6 | L13: 5.38 | O13: 8.95 | P13: 0.5 | T13: 0.62 | AC13: =SUM(K13:AB13) -> 18.05
B14: 46205 | C14: QG02704 | E14: 329 | F14: =+E14*3.276 -> 1077.804 | H14: =+G14*3.588 -> 0 | I14: =+F14+H14 -> 1077.804 | J14: =(109+2+29+26)*3.276 -> 543.816 | K14: 4.16 | L14: 5.3 | O14: 7.66 | P14: 0.08 | S14: 0.1 | T14: 0.4 | AC14: =SUM(K14:AB14) -> 17.7
B15: 46205 | C15: QG02705 | E15: 504 | F15: =+E15*3.276 -> 1651.104 | H15: =+G15*3.588 -> 0 | I15: =+F15+H15 -> 1651.104 | K15: 4.08 | L15: 5.16 | O15: 3.76 | P15: 0.06 | S15: 0.42 | T15: 0.74 | AC15: =SUM(K15:AB15) -> 14.22
B16: 46205 | C16: QG02706 | E16: 483 | F16: =+E16*3.276 -> 1582.308 | H16: =+G16*3.588 -> 0 | I16: =+F16+H16 -> 1582.308 | K16: 3.78 | L16: 1.4 | O16: 5.12 | P16: 0.08 | S16: 1.54 | T16: 1.26 | AC16: =SUM(K16:AB16) -> 13.18
B17: 46205 | C17: QG02707 | E17: 153 | F17: =+E17*3.276 -> 501.228 | H17: =+G17*3.588 -> 0 | I17: =+F17+H17 -> 501.228 | K17: 1.7 | O17: 1.14 | P17: 1.46 | T17: 0.7 | AC17: =SUM(K17:AB17) -> 5
A18: 46210 | B18: 46205 | C18: QG02707 | E18: =349+43 -> 392 | F18: =+E18*3.276 -> 1284.192 | H18: =+G18*3.588 -> 0 | I18: =+F18+H18 -> 1284.192 | K18: 0.9 | L18: 1.25 | O18: 2.5 | P18: 0.5 | T18: 0.85 | AC18: =SUM(K18:AB18) -> 6
B19: 46205 | C19: QG02708 | E19: 574 | F19: =+E19*3.276 -> 1880.424 | H19: =+G19*3.588 -> 0 | I19: =+F19+H19 -> 1880.424 | K19: 0.75 | L19: 1.33 | O19: 5.45 | P19: 0.45 | R19: 2.7 | T19: 1.5 | AC19: =SUM(K19:AB19) -> 12.18
B20: 46205 | C20: QG02709 | E20: 350 | F20: =+E20*3.276 -> 1146.6 | H20: =+G20*3.588 -> 0 | I20: =+F20+H20 -> 1146.6 | J20: =(15)*3.276 -> 49.14 | K20: 5.1 | L20: 6.2 | N20: 1.4 | O20: 5.25 | R20: 0.21 | S20: 5 | T20: 2.3 | AC20: =SUM(K20:AB20) -> 25.46
B21: 46206 | C21: QG03701 | D21: =+'Actual VS SAP'!H8 -> 14155.596 | E21: 497 | F21: =+E21*3.276 -> 1628.172 | H21: =+G21*3.588 -> 0 | I21: =+F21+H21 -> 1628.172 | K21: 8.5 | L21: 10 | N21: 14.5 | O21: 14.8 | P21: 0.4 | R21: 0.3 | S21: 0.8 | T21: 1.1 | AC21: =SUM(K21:AB21) -> 50.4
B22: 46206 | C22: QG03702 | E22: 499 | F22: =+E22*3.276 -> 1634.724 | H22: =+G22*3.588 -> 0 | I22: =+F22+H22 -> 1634.724 | K22: 6.75 | L22: 10.45 | N22: 9.35 | O22: 10.45 | P22: 0.35 | T22: 2.45 | AC22: =SUM(K22:AB22) -> 39.8
B23: 46206 | C23: QG03703 | E23: 264 | F23: =+E23*3.276 -> 864.864 | H23: =+G23*3.588 -> 0 | I23: =+F23+H23 -> 864.864 | K23: 5.35 | L23: 8.85 | N23: 1.2 | O23: 8.45 | P23: 0.4 | S23: 0.6 | T23: 0.8 | AC23: =SUM(K23:AB23) -> 25.65
A24: 46211 | B24: 46206 | C24: QG03703 | E24: 200 | F24: =+E24*3.276 -> 655.2 | H24: =+G24*3.588 -> 0 | I24: =+F24+H24 -> 655.2 | K24: 5 | L24: 5.2 | O24: 5 | T24: 0.2 | AC24: =SUM(K24:AB24) -> 15.4
B25: 46206 | C25: QG03704 | E25: 516 | F25: =+E25*3.276 -> 1690.416 | H25: =+G25*3.588 -> 0 | I25: =+F25+H25 -> 1690.416 | K25: 8.25 | L25: 9.85 | N25: 0.3 | O25: 8.45 | P25: 0.5 | S25: 0.45 | T25: 0.58 | AC25: =SUM(K25:AB25) -> 28.38
B26: 46206 | C26: QG03705 | E26: 567 | F26: =+E26*3.276 -> 1857.492 | H26: =+G26*3.588 -> 0 | I26: =+F26+H26 -> 1857.492 | K26: 5.35 | L26: 7.85 | N26: 3.25 | O26: 10.35 | P26: 0.4 | T26: 1.4 | AC26: =SUM(K26:AB26) -> 28.6
B27: 46206 | C27: QG03706 | E27: 495 | F27: =+E27*3.276 -> 1621.62 | H27: =+G27*3.588 -> 0 | I27: =+F27+H27 -> 1621.62 | K27: 10.24 | L27: 10.35 | N27: 0.7 | O27: 4.54 | P27: 0.54 | T27: 0.9 | AC27: =SUM(K27:AB27) -> 27.27
B28: 46206 | C28: QG03707 | E28: 674 | F28: =+E28*3.276 -> 2208.024 | H28: =+G28*3.588 -> 0 | I28: =+F28+H28 -> 2208.024 | K28: 6.7 | L28: 6.5 | O28: 4.7 | T28: 1.45 | AC28: =SUM(K28:AB28) -> 19.35
B29: 46206 | C29: QG03708 | E29: 453 | F29: =+E29*3.276 -> 1484.028 | H29: =+G29*3.588 -> 0 | I29: =+F29+H29 -> 1484.028 | K29: 4.3 | L29: 8 | O29: 4.46 | P29: 0.3 | R29: 0.8 | T29: 1.22 | AC29: =SUM(K29:AB29) -> 19.08
A30: 46219 | B30: 46216 | C30: QG13701 | D30: =+'HASIL PROD'!I146 -> 1434.888 | E30: 426 | F30: =+E30*3.276 -> 1395.576 | H30: =+G30*3.588 -> 0 | I30: =+F30+H30 -> 1395.576 | K30: 4.2 | L30: 13.37 | M30: 17.5 | O30: 4.5 | P30: 0.6 | R30: 1.95 | T30: 0.49 | AC30: =SUM(K30:AB30) -> 42.61
B31: 46217 | C31: QG14701 | D31: =+'HASIL PROD'!I157 -> 15452.892 | E31: 626 | F31: =+E31*3.276 -> 2050.776 | H31: =+G31*3.588 -> 0 | I31: =+F31+H31 -> 2050.776 | K31: 6.1 | L31: 21.48 | M31: 3.2 | O31: 10.85 | P31: 0.5 | R31: 2.4 | T31: 3 | AC31: =SUM(K31:AB31) -> 47.53
B32: 46217 | C32: QG14702 | E32: 427 | F32: =+E32*3.276 -> 1398.852 | H32: =+G32*3.588 -> 0 | I32: =+F32+H32 -> 1398.852 | K32: 4.42 | L32: 9.98 | M32: 1 | O32: 9.25 | P32: 0.48 | S32: 0.54 | T32: 1.1 | AC32: =SUM(K32:AB32) -> 26.77
B33: 46217 | C33: QG14703 | E33: 430 | F33: =+E33*3.276 -> 1408.68 | H33: =+G33*3.588 -> 0 | I33: =+F33+H33 -> 1408.68 | K33: 1.2 | L33: 8.1 | O33: 17 | R33: 1.7 | S33: 0.6 | T33: 0.6 | AC33: =SUM(K33:AB33) -> 29.2
B34: 46217 | C34: QG14704 | E34: 575 | F34: =+E34*3.276 -> 1883.7 | H34: =+G34*3.588 -> 0 | I34: =+F34+H34 -> 1883.7 | K34: 9.3 | L34: 10.2 | O34: 8 | S34: 0.31 | T34: 0.97 | AC34: =SUM(K34:AB34) -> 28.78
B35: 46217 | C35: QG14705 | E35: 462 | F35: =+E35*3.276 -> 1513.512 | H35: =+G35*3.588 -> 0 | I35: =+F35+H35 -> 1513.512 | K35: 7.27 | L35: 10 | M35: 1.2 | O35: 17.88 | P35: 0.58 | S35: 0.45 | T35: 1.2 | AC35: =SUM(K35:AB35) -> 38.58
B36: 46217 | C36: QG14706 | F36: =+E36*3.276 -> 0 | H36: =+G36*3.588 -> 0 | I36: =+F36+H36 -> 0 | K36: 5.3 | L36: 9.75 | O36: 21.1 | P36: 0.6 | R36: 3.2 | T36: 1.4 | AC36: =SUM(K36:AB36) -> 41.35
A37: 46220 | B37: 46217 | C37: QG14705 | E37: 99 | F37: =+E37*3.276 -> 324.324 | H37: =+G37*3.588 -> 0 | I37: =+F37+H37 -> 324.324 | AC37: =SUM(K37:AB37) -> 0
B38: 46217 | C38: QG14706 | E38: 501 | F38: =+E38*3.276 -> 1641.276 | H38: =+G38*3.588 -> 0 | I38: =+F38+H38 -> 1641.276 | AC38: =SUM(K38:AB38) -> 0
B39: 46217 | C39: QG14707 | E39: 614 | F39: =+E39*3.276 -> 2011.464 | H39: =+G39*3.588 -> 0 | I39: =+F39+H39 -> 2011.464 | K39: 7.85 | L39: 12.4 | O39: 22.5 | P39: 0.45 | R39: 1.2 | T39: 1.3 | AC39: =SUM(K39:AB39) -> 45.7
B40: 46217 | C40: QG14708 | E40: 46 | F40: =+E40*3.276 -> 150.696 | H40: =+G40*3.588 -> 0 | I40: =+F40+H40 -> 150.696 | K40: 6.35 | L40: 10.3 | M40: 3.4 | O40: 17.4 | P40: 0.5 | R40: 2.1 | S40: 3.4 | T40: 1.9 | AC40: =SUM(K40:AB40) -> 45.35
B41: 46217 | C41: QG14709 | F41: =+E41*3.276 -> 0 | H41: =+G41*3.588 -> 0 | I41: =+F41+H41 -> 0 | K41: 4.12 | L41: 8.77 | O41: 3.15 | P41: 0.3 | R41: 0.35 | T41: 1.3 | AC41: =SUM(K41:AB41) -> 17.99
B42: 46218 | C42: QG15701 | D42: =+'HASIL PROD'!I168 -> 15135.12 | E42: 477 | F42: =+E42*3.276 -> 1562.652 | H42: =+G42*3.588 -> 0 | I42: =+F42+H42 -> 1562.652 | K42: 4.2 | L42: 8.55 | O42: 8.15 | P42: 0.3 | T42: 1.4 | AC42: =SUM(K42:AB42) -> 22.6
B43: 46218 | C43: QG15702 | E43: 472 | F43: =+E43*3.276 -> 1546.272 | H43: =+G43*3.588 -> 0 | I43: =+F43+H43 -> 1546.272 | K43: 5.55 | L43: 10.28 | M43: 1.7 | O43: 24.35 | P43: 0.7 | R43: 0.4 | T43: 2.3 | AC43: =SUM(K43:AB43) -> 45.28
B44: 46218 | C44: QG15703 | E44: 493 | F44: =+E44*3.276 -> 1615.068 | H44: =+G44*3.588 -> 0 | I44: =+F44+H44 -> 1615.068 | K44: 7.6 | L44: 11.45 | O44: 22.32 | P44: 0.38 | T44: 1.1 | AC44: =SUM(K44:AB44) -> 42.85
B45: 46218 | C45: QG15704 | E45: 358 | F45: =+E45*3.276 -> 1172.808 | H45: =+G45*3.588 -> 0 | I45: =+F45+H45 -> 1172.808 | K45: 6.4 | L45: 9.1 | O45: 7.85 | P45: 0.7 | R45: 1.1 | S45: 0.4 | T45: 1.38 | AC45: =SUM(K45:AB45) -> 26.93
B46: 46218 | C46: QG15705 | F46: =+E46*3.276 -> 0 | H46: =+G46*3.588 -> 0 | I46: =+F46+H46 -> 0 | K46: 3.45 | L46: 8.75 | O46: 15.48 | P46: 0.5 | R46: 0.35 | T46: 1.2 | AC46: =SUM(K46:AB46) -> 29.73
B47: 46218 | C47: QG15706 | F47: =+E47*3.276 -> 0 | H47: =+G47*3.588 -> 0 | I47: =+F47+H47 -> 0 | K47: 3.24 | L47: 4.45 | O47: 7.25 | R47: 0.2 | T47: 0.67 | AC47: =SUM(K47:AB47) -> 15.81
A48: 46221 | B48: 46217 | C48: QG14708 | E48: 397 | F48: =+E48*3.276 -> 1300.572 | H48: =+G48*3.588 -> 0 | I48: =+F48+H48 -> 1300.572 | AC48: =SUM(K48:AB48) -> 0
B49: 46217 | C49: QG14709 | E49: 442 | F49: =+E49*3.276 -> 1447.992 | H49: =+G49*3.588 -> 0 | I49: =+F49+H49 -> 1447.992 | AC49: =SUM(K49:AB49) -> 0
B50: 46218 | C50: QG15704 | E50: 72 | F50: =+E50*3.276 -> 235.872 | H50: =+G50*3.588 -> 0 | I50: =+F50+H50 -> 235.872 | AC50: =SUM(K50:AB50) -> 0
B51: 46218 | C51: QG15705 | E51: 551 | F51: =+E51*3.276 -> 1805.076 | H51: =+G51*3.588 -> 0 | I51: =+F51+H51 -> 1805.076 | AC51: =SUM(K51:AB51) -> 0
B52: 46218 | C52: QG15706 | E52: 554 | F52: =+E52*3.276 -> 1814.904 | H52: =+G52*3.588 -> 0 | I52: =+F52+H52 -> 1814.904 | K52: 4.34 | L52: 4.18 | O52: 9.44 | P52: 0.042 | R52: 0.14 | S52: 1.1 | T52: 1.44 | AC52: =SUM(K52:AB52) -> 20.682
B53: 46218 | C53: QG15707 | E53: 530 | F53: =+E53*3.276 -> 1736.28 | H53: =+G53*3.588 -> 0 | I53: =+F53+H53 -> 1736.28 | K53: 4.2 | L53: 9.66 | O53: 23 | P53: 0.3 | S53: 0.28 | T53: 2.58 | AC53: =SUM(K53:AB53) -> 40.02
B54: 46218 | C54: QG15708 | E54: 93 | F54: =+E54*3.276 -> 304.668 | H54: =+G54*3.588 -> 0 | I54: =+F54+H54 -> 304.668 | K54: 8.42 | L54: 10.44 | M54: 0.1 | O54: 17.78 | P54: 0.28 | R54: 0.72 | S54: 3.46 | T54: 2.26 | AC54: =SUM(K54:AB54) -> 43.46
B55: 46218 | C55: QG15708 | E55: 516 | F55: =+E55*3.276 -> 1690.416 | H55: =+G55*3.588 -> 0 | I55: =+F55+H55 -> 1690.416 | AC55: =SUM(K55:AB55) -> 0
B56: 46218 | C56: QG15709 | E56: 420 | F56: =+E56*3.276 -> 1375.92 | H56: =+G56*3.588 -> 0 | I56: =+F56+H56 -> 1375.92 | K56: 2.08 | L56: 6.7 | O56: 6.9 | P56: 0.18 | R56: 1.3 | S56: 2.16 | T56: 1.22 | AC56: =SUM(K56:AB56) -> 20.54
B57: 46219 | C57: QG16701 | D57: =+'HASIL PROD'!I179 -> 1513.512 | E57: 448 | F57: =+E57*3.276 -> 1467.648 | H57: =+G57*3.588 -> 0 | I57: =+F57+H57 -> 1467.648 | K57: 1.6 | L57: 3.45 | M57: 3.7 | O57: 2.72 | P57: 0.6 | R57: 1.38 | T57: 1.9 | AC57: =SUM(K57:AB57) -> 15.35
B58: 46220 | C58: QG17701 | D58: =+'HASIL PROD'!I190 -> 3397.212 | E58: 558 | F58: =+E58*3.276 -> 1828.008 | H58: =+G58*3.588 -> 0 | I58: =+F58+H58 -> 1828.008 | K58: 2.8 | L58: 6.45 | M58: 2.27 | O58: 5.6 | P58: 0.6 | R58: 2.3 | S58: 1.55 | T58: 1.18 | AC58: =SUM(K58:AB58) -> 22.75
B59: 46220 | C59: QG17702 | E59: 457 | F59: =+E59*3.276 -> 1497.132 | H59: =+G59*3.588 -> 0 | I59: =+F59+H59 -> 1497.132 | K59: 3.1 | L59: 8.2 | O59: 4.35 | R59: 0.88 | S59: 0.4 | T59: 0.78 | AC59: =SUM(K59:AB59) -> 17.71
F60: =+E60*3.276 -> 0 | H60: =+G60*3.588 -> 0 | I60: =+F60+H60 -> 0 | AC60: =SUM(K60:AB60) -> 0
F61: =+E61*3.276 -> 0 | H61: =+G61*3.588 -> 0 | I61: =+F61+H61 -> 0 | AC61: =SUM(K61:AB61) -> 0
F62: =+E62*3.276 -> 0 | H62: =+G62*3.588 -> 0 | I62: =+F62+H62 -> 0 | AC62: =SUM(K62:AB62) -> 0
F63: =+E63*3.276 -> 0 | H63: =+G63*3.588 -> 0 | I63: =+F63+H63 -> 0 | AC63: =SUM(K63:AB63) -> 0
F64: =+E64*3.276 -> 0 | H64: =+G64*3.588 -> 0 | I64: =+F64+H64 -> 0 | AC64: =SUM(K64:AB64) -> 0
F65: =+E65*3.276 -> 0 | H65: =+G65*3.588 -> 0 | I65: =+F65+H65 -> 0 | AC65: =SUM(K65:AB65) -> 0
F66: =+E66*3.276 -> 0 | H66: =+G66*3.588 -> 0 | I66: =+F66+H66 -> 0 | AC66: =SUM(K66:AB66) -> 0
F67: =+E67*3.276 -> 0 | H67: =+G67*3.588 -> 0 | I67: =+F67+H67 -> 0 | AC67: =SUM(K67:AB67) -> 0
F68: =+E68*3.276 -> 0 | H68: =+G68*3.588 -> 0 | I68: =+F68+H68 -> 0 | AC68: =SUM(K68:AB68) -> 0
F69: =+E69*3.276 -> 0 | H69: =+G69*3.588 -> 0 | I69: =+F69+H69 -> 0 | AC69: =SUM(K69:AB69) -> 0
F70: =+E70*3.276 -> 0 | H70: =+G70*3.588 -> 0 | I70: =+F70+H70 -> 0 | AC70: =SUM(K70:AB70) -> 0
F71: =+E71*3.276 -> 0 | H71: =+G71*3.588 -> 0 | I71: =+F71+H71 -> 0 | AC71: =SUM(K71:AB71) -> 0
... F143: =+E143*3.276 -> 0 | H143: =+G143*3.588 -> 0 | I143: =+F143+H143 -> 0 | AC143: =SUM(K143:AB143) -> 0
D144: =SUM(D10:D143) -> 67053.168 | E144: =SUM(E10:E143) -> 19847 | F144: =SUM(F10:F143) -> 65018.772 | G144: =SUM(G10:G143) -> 0 | H144: =SUM(H10:H143) -> 0 | I144: =SUM(I10:I143) -> 65018.772 | J144: =SUM(J10:J143) -> 592.956 | K144: =SUM(K10:K143) -> 208.75 | ... W144: =SUM(W10:W143) -> 0 | Z144: =SUM(Z10:Z143) -> 0 | AA144: =SUM(AA10:AA143) -> 0 | AB144: =SUM(AB10:AB143) -> 0 | AC144: =SUM(AC10:AC143) -> 1178.082
D145: =+D144-'HASIL PROD'!I346 -> 0 | F145: =+F144-'[4]DAILY OKEY AYAM'!$K$21 -> 65017.872
E146: =E111+E112+E113+E114+E115+E116+E117 -> 0 | F146: =SUM(E111:E117) -> 0

Sheet DAILY CHAMP SAPI
A1: DAILY LAPORAN FINISHGOOD RELEASE SOSIS SAPI BBQ
A3: =+'DAILY CHAMP AYAM'!A3:AD3 -> JULI'26
I4: =+I118 -> 16766.568 | AC4: =+#REF! -> #REF!
A5: Tgl | B5: Tgl Produksi | D5: KARANTINA PRODUKSI | E5: OUTPUT | AD5: KETERANGAN
E6: WAREHOUSE | I6: TOTAL WH | J6: OTHER | K6: RIJECT SORTASI | AC6: TOTAL REJECT
E7: Sosis Retort BBQ 21 GR | G7: Sosis Retort BBQ 23 GR | K7: Keriput | L7: Bengkok | M7: Air Trap Produk | N7: Air Trap PVDC | O7: Klip Tajam | P7: Klip Terjepit | Q7: Klip Rusak | R7: Size tidak standart | S7: Seal Panas | T7: Seal Pecah | U7: Seal Loncat | V7: Non Kode | W7: Pin Hole | X7: Sobek Bawah Klip | Y7: Lendir | Z7: Belatung | AA7: Sisa Adonan | AB7: Rework
D8: Kg | E8: Box | F8: Kg | G8: Box | H8: Kg | J8: Kg | K8: Kg | L8: Kg | M8: Kg | N8: Kg | O8: Kg | P8: Kg | Q8: Kg | R8: Kg | S8: Kg | T8: Kg | U8: Kg | W8: Kg | X8: Kg | Y8: Kg | Z8: Kg | AA8: Kg | AB8: Kg
A10: 46221 | B10: 46218 | C10: QG15701 | D10: =+'HASIL PROD'!N158 -> 1470.924 | F10: =+E10*3.276 -> 0 | H10: =+G10*3.588 -> 0 | I10: =+F10+H10 -> 0 | K10: 6.3 | L10: 7.2 | M10: 0.2 | O10: 9.9 | R10: 1 | S10: 9.2 | T10: 3.02 | AC10: =SUM(K10:AB10) -> 36.82
B11: 46219 | C11: QG16701 | F11: =+E11*3.276 -> 0 | H11: =+G11*3.588 -> 0 | I11: =+F11+H11 -> 0 | K11: 0.78 | L11: 1.6 | O11: 0.9 | P11: 0.34 | T11: 0.2 | AC11: =SUM(K11:AB11) -> 3.82
A12: 46223 | B12: 46218 | C12: QG15701 | E12: 421 | F12: =+E12*3.276 -> 1379.196 | H12: =+G12*3.588 -> 0 | I12: =+F12+H12 -> 1379.196 | AC12: =SUM(K12:AB12) -> 0
B13: 46219 | C13: QG16701 | D13: =+'HASIL PROD'!N179 -> 16209.648 | E13: 510 | F13: =+E13*3.276 -> 1670.76 | H13: =+G13*3.588 -> 0 | I13: =+F13+H13 -> 1670.76 | K13: 3.33 | L13: 7.24 | O13: 3.9 | P13: 0.2 | R13: 0.9 | T13: 4 | AC13: =SUM(K13:AB13) -> 19.57
B14: 46219 | C14: QG16702 | E14: 485 | F14: =+E14*3.276 -> 1588.86 | H14: =+G14*3.588 -> 0 | I14: =+F14+H14 -> 1588.86 | J14: =(2+4)*3.276 -> 19.656 | K14: 3.25 | L14: 7.12 | O14: 7.78 | P14: 0.7 | R14: 0.74 | T14: 2.24 | AC14: =SUM(K14:AB14) -> 21.83
B15: 46219 | C15: QG16703 | E15: 445 | F15: =+E15*3.276 -> 1457.82 | H15: =+G15*3.588 -> 0 | I15: =+F15+H15 -> 1457.82 | K15: 2.38 | L15: 6.4 | M15: 0.9 | O15: 13.18 | P15: 0.38 | R15: 0.84 | T15: 3.68 | U15: 0.4 | AC15: =SUM(K15:AB15) -> 28.16
B16: 46219 | C16: QG16704 | E16: 450 | F16: =+E16*3.276 -> 1474.2 | H16: =+G16*3.588 -> 0 | I16: =+F16+H16 -> 1474.2 | K16: 2.58 | L16: 3.98 | O16: 8.96 | P16: 0.4 | R16: 1.14 | T16: 3.42 | AC16: =SUM(K16:AB16) -> 20.48
B17: 46219 | C17: QG16705 | E17: 550 | F17: =+E17*3.276 -> 1801.8 | H17: =+G17*3.588 -> 0 | I17: =+F17+H17 -> 1801.8 | K17: 7.5 | L17: 10.8 | O17: 7.22 | S17: 1.1 | T17: 3.2 | U17: 0.38 | AC17: =SUM(K17:AB17) -> 30.2
B18: 46219 | C18: QG16706 | E18: 580 | F18: =+E18*3.276 -> 1900.08 | H18: =+G18*3.588 -> 0 | I18: =+F18+H18 -> 1900.08 | K18: 12.7 | L18: 9 | O18: 10.8 | P18: 0.5 | S18: 0.26 | T18: 3.46 | AC18: =SUM(K18:AB18) -> 36.72
B19: 46219 | C19: QG16707 | E19: 553 | F19: =+E19*3.276 -> 1811.628 | H19: =+G19*3.588 -> 0 | I19: =+F19+H19 -> 1811.628 | K19: 6.2 | L19: 12.48 | O19: 6 | S19: 0.52 | T19: 3.8 | AC19: =SUM(K19:AB19) -> 29
A20: 46225 | B20: 46219 | C20: QG16707 | E20: 560 | F20: =+E20*3.276 -> 1834.56 | H20: =+G20*3.588 -> 0 | I20: =+F20+H20 -> 1834.56 | K20: 4.7 | L20: 10.44 | O20: 7.7 | P20: 0.5 | R20: 1.25 | T20: 4.3 | AC20: =SUM(K20:AB20) -> 28.89
B21: 46219 | C21: QG16708 | E21: 564 | F21: =+E21*3.276 -> 1847.664 | H21: =+G21*3.588 -> 0 | I21: =+F21+H21 -> 1847.664 | K21: 4.4 | L21: 7.85 | O21: 6.2 | P21: 0.45 | R21: 0.6 | S21: 0.7 | T21: 4 | AC21: =SUM(K21:AB21) -> 24.2
F22: =+E22*3.276 -> 0 | H22: =+G22*3.588 -> 0 | I22: =+F22+H22 -> 0 | AC22: =SUM(K22:AB22) -> 0
F23: =+E23*3.276 -> 0 | H23: =+G23*3.588 -> 0 | I23: =+F23+H23 -> 0 | AC23: =SUM(K23:AB23) -> 0
F24: =+E24*3.276 -> 0 | H24: =+G24*3.588 -> 0 | I24: =+F24+H24 -> 0 | AC24: =SUM(K24:AB24) -> 0
F25: =+E25*3.276 -> 0 | H25: =+G25*3.588 -> 0 | I25: =+F25+H25 -> 0 | AC25: =SUM(K25:AB25) -> 0
F26: =+E26*3.276 -> 0 | H26: =+G26*3.588 -> 0 | I26: =+F26+H26 -> 0 | AC26: =SUM(K26:AB26) -> 0
F27: =+E27*3.276 -> 0 | H27: =+G27*3.588 -> 0 | I27: =+F27+H27 -> 0 | AC27: =SUM(K27:AB27) -> 0
F28: =+E28*3.276 -> 0 | H28: =+G28*3.588 -> 0 | I28: =+F28+H28 -> 0 | AC28: =SUM(K28:AB28) -> 0
F29: =+E29*3.276 -> 0 | H29: =+G29*3.588 -> 0 | I29: =+F29+H29 -> 0 | AC29: =SUM(K29:AB29) -> 0
F30: =+E30*3.276 -> 0 | H30: =+G30*3.588 -> 0 | I30: =+F30+H30 -> 0 | AC30: =SUM(K30:AB30) -> 0
F31: =+E31*3.276 -> 0 | H31: =+G31*3.588 -> 0 | I31: =+F31+H31 -> 0 | AC31: =SUM(K31:AB31) -> 0
F32: =+E32*3.276 -> 0 | H32: =+G32*3.588 -> 0 | I32: =+F32+H32 -> 0 | AC32: =SUM(K32:AB32) -> 0
F33: =+E33*3.276 -> 0 | H33: =+G33*3.588 -> 0 | I33: =+F33+H33 -> 0 | AC33: =SUM(K33:AB33) -> 0
... F41: =+E41*3.276 -> 0 | H41: =+G41*3.588 -> 0 | I41: =+F41+H41 -> 0 | AC41: =SUM(K41:AB41) -> 0
F42: =+E42*3.276 -> 0 | H42: =+G42*3.588 -> 0 | I42: =+F42+H42 -> 0 | AC42: =SUM(K42:Z42) -> 0
F43: =+E43*3.276 -> 0 | H43: =+G43*3.588 -> 0 | I43: =+F43+H43 -> 0 | AC43: =SUM(K43:Z43) -> 0
F44: =+E44*3.276 -> 0 | H44: =+G44*3.588 -> 0 | I44: =+F44+H44 -> 0 | AC44: =SUM(K44:Z44) -> 0
F45: =+E45*3.276 -> 0 | H45: =+G45*3.588 -> 0 | I45: =+F45+H45 -> 0 | AC45: =SUM(K45:Z45) -> 0
F46: =+E46*3.276 -> 0 | H46: =+G46*3.588 -> 0 | I46: =+F46+H46 -> 0 | AC46: =SUM(K46:Z46) -> 0
F47: =+E47*3.276 -> 0 | H47: =+G47*3.588 -> 0 | I47: =+F47+H47 -> 0 | AC47: =SUM(K47:Z47) -> 0
F48: =+E48*3.276 -> 0 | H48: =+G48*3.588 -> 0 | I48: =+F48+H48 -> 0 | AC48: =SUM(K48:Y48) -> 0
F49: =+E49*3.276 -> 0 | H49: =+G49*3.588 -> 0 | I49: =+F49+H49 -> 0 | AC49: =SUM(K49:Y49) -> 0
F50: =+E50*3.276 -> 0 | H50: =+G50*3.588 -> 0 | I50: =+F50+H50 -> 0 | AC50: =SUM(K50:Y50) -> 0
F51: =+E51*3.276 -> 0 | H51: =+G51*3.588 -> 0 | I51: =+F51+H51 -> 0 | AC51: =SUM(K51:Y51) -> 0
F52: =+E52*3.276 -> 0 | H52: =+G52*3.588 -> 0 | I52: =+F52+H52 -> 0 | AC52: =SUM(K52:Y52) -> 0
F53: =+E53*3.276 -> 0 | H53: =+G53*3.588 -> 0 | I53: =+F53+H53 -> 0 | AC53: =SUM(K53:Y53) -> 0
F54: =+E54*3.276 -> 0 | H54: =+G54*3.588 -> 0 | I54: =+F54+H54 -> 0 | AC54: =SUM(K54:Y54) -> 0
F55: =+E55*3.276 -> 0 | H55: =+G55*3.588 -> 0 | I55: =+F55+H55 -> 0 | AC55: =SUM(K55:Y55) -> 0
F56: =+E56*3.276 -> 0 | H56: =+G56*3.588 -> 0 | I56: =+F56+H56 -> 0 | AC56: =SUM(K56:Y56) -> 0
F57: =+E57*3.276 -> 0 | H57: =+G57*3.588 -> 0 | I57: =+F57+H57 -> 0 | AC57: =SUM(K57:Y57) -> 0
F58: =+E58*3.276 -> 0 | H58: =+G58*3.588 -> 0 | I58: =+F58+H58 -> 0 | AC58: =SUM(K58:Y58) -> 0
F59: =+E59*3.276 -> 0 | H59: =+G59*3.588 -> 0 | I59: =+F59+H59 -> 0 | AC59: =SUM(K59:Y59) -> 0
... F116: =+E116*3.276 -> 0 | H116: =+G116*3.588 -> 0 | I116: =+F116+H116 -> 0 | AC116: =SUM(K116:Y116) -> 0
D117: =SUM(D10:D116) -> 17680.572 | E117: =SUM(E10:E116) -> 5118 | F117: =SUM(F10:F116) -> 16766.568 | G117: =SUM(G10:G116) -> 0 | H117: =SUM(H10:H116) -> 0 | I117: =SUM(I10:I116) -> 16766.568 | J117: =SUM(J10:J116) -> 19.656 | K117: =SUM(K10:K116) -> 54.12 | ... AA117: =SUM(AA10:AA116) -> 0 | AB117: =SUM(AB10:AB114) -> 0 | AC117: =SUM(AC10:AC114) -> 279.69
D118: =+D117-'HASIL PROD'!N346 -> 0 | I118: =+I117-'[4]DAILY OKEY AYAM'!$K$22 -> 16766.568 | AC118: =+AC117-'[5]16-02'!$Q$22 -> -912.63
I119: =+I118/2.88 -> 5821.725
E120: =E18+E19+E46+E48 -> 1133
E121: =557+12+45+556+372+275+380+199+266+584+597+192+544+34+577+592+595+603+612+558+751 -> 8901 | I121: =33+41+14 -> 88
E122: =E121-E120 -> 7768
F130: =687-662 -> 25

Sheet DAILY CHAMP OTAK-OTAK
A1: DAILY LAPORAN FINISHGOOD RELEASE SOSIS OTAK-OTAK
A3: =+'DAILY CHAMP AYAM'!A3:AD3 -> JULI'26
H4: =+H117 -> 0 | AB4: =+#REF! -> #REF!
A5: Tgl | B5: Tgl Produksi | C5: KARANTINA PRODUKSI | D5: OUTPUT | AC5: KETERANGAN
D6: WAREHOUSE | H6: TOTAL WH | I6: OTHER | J6: RIJECT SORTASI | AB6: TOTAL REJECT
D7: Sosis Retort Otak2 21 GR | F7: Sosis Retort Otak2 23 GR | J7: Keriput | K7: Bengkok | L7: Air Trap Produk | M7: Air Trap PVDC | N7: Klip Tajam | O7: Klip Terjepit | P7: Klip Rusak | Q7: Size tidak standart | R7: Seal Panas | S7: Seal Pecah | T7: Seal Loncat | U7: Non Kode | V7: Pin Hole | W7: Sobek Bawah Klip | X7: Lendir | Y7: Belatung | Z7: Sisa Adonan | AA7: Rework
C8: Kg | D8: Box | E8: Kg | F8: Box | G8: Kg | I8: Kg | J8: Kg | K8: Kg | L8: Kg | M8: Kg | N8: Kg | O8: Kg | P8: Kg | Q8: Kg | R8: Kg | S8: Kg | T8: Kg | V8: Kg | W8: Kg | X8: Kg | Y8: Kg | Z8: Kg | AA8: Kg
E10: =+D10*3.276 -> 0 | G10: =+F10*3.588 -> 0 | H10: =+E10+G10 -> 0 | AB10: =SUM(J10:AA10) -> 0
E11: =+D11*3.276 -> 0 | G11: =+F11*3.588 -> 0 | H11: =+E11+G11 -> 0 | AB11: =SUM(J11:AA11) -> 0
E12: =+D12*3.276 -> 0 | G12: =+F12*3.588 -> 0 | H12: =+E12+G12 -> 0 | AB12: =SUM(J12:AA12) -> 0
E13: =+D13*3.276 -> 0 | G13: =+F13*3.588 -> 0 | H13: =+E13+G13 -> 0 | AB13: =SUM(J13:AA13) -> 0
E14: =+D14*3.276 -> 0 | G14: =+F14*3.588 -> 0 | H14: =+E14+G14 -> 0 | AB14: =SUM(J14:AA14) -> 0
E15: =+D15*3.276 -> 0 | G15: =+F15*3.588 -> 0 | H15: =+E15+G15 -> 0 | AB15: =SUM(J15:AA15) -> 0
E16: =+D16*3.276 -> 0 | G16: =+F16*3.588 -> 0 | H16: =+E16+G16 -> 0 | AB16: =SUM(J16:AA16) -> 0
E17: =+D17*3.276 -> 0 | G17: =+F17*3.588 -> 0 | H17: =+E17+G17 -> 0 | AB17: =SUM(J17:AA17) -> 0
E18: =+D18*3.276 -> 0 | G18: =+F18*3.588 -> 0 | H18: =+E18+G18 -> 0 | AB18: =SUM(J18:AA18) -> 0
E19: =+D19*3.276 -> 0 | G19: =+F19*3.588 -> 0 | H19: =+E19+G19 -> 0 | AB19: =SUM(J19:AA19) -> 0
E20: =+D20*3.276 -> 0 | G20: =+F20*3.588 -> 0 | H20: =+E20+G20 -> 0 | AB20: =SUM(J20:AA20) -> 0
E21: =+D21*3.276 -> 0 | G21: =+F21*3.588 -> 0 | H21: =+E21+G21 -> 0 | AB21: =SUM(J21:AA21) -> 0
... E40: =+D40*3.276 -> 0 | G40: =+F40*3.588 -> 0 | H40: =+E40+G40 -> 0 | AB40: =SUM(J40:AA40) -> 0
E41: =+D41*3.276 -> 0 | G41: =+F41*3.588 -> 0 | H41: =+E41+G41 -> 0 | AB41: =SUM(J41:Y41) -> 0
E42: =+D42*3.276 -> 0 | G42: =+F42*3.588 -> 0 | H42: =+E42+G42 -> 0 | AB42: =SUM(J42:Y42) -> 0
E43: =+D43*3.276 -> 0 | G43: =+F43*3.588 -> 0 | H43: =+E43+G43 -> 0 | AB43: =SUM(J43:Y43) -> 0
E44: =+D44*3.276 -> 0 | G44: =+F44*3.588 -> 0 | H44: =+E44+G44 -> 0 | AB44: =SUM(J44:Y44) -> 0
E45: =+D45*3.276 -> 0 | G45: =+F45*3.588 -> 0 | H45: =+E45+G45 -> 0 | AB45: =SUM(J45:Y45) -> 0
E46: =+D46*3.276 -> 0 | G46: =+F46*3.588 -> 0 | H46: =+E46+G46 -> 0 | AB46: =SUM(J46:Y46) -> 0
E47: =+D47*3.276 -> 0 | G47: =+F47*3.588 -> 0 | H47: =+E47+G47 -> 0 | AB47: =SUM(J47:X47) -> 0
E48: =+D48*3.276 -> 0 | G48: =+F48*3.588 -> 0 | H48: =+E48+G48 -> 0 | AB48: =SUM(J48:X48) -> 0
E49: =+D49*3.276 -> 0 | G49: =+F49*3.588 -> 0 | H49: =+E49+G49 -> 0 | AB49: =SUM(J49:X49) -> 0
E50: =+D50*3.276 -> 0 | G50: =+F50*3.588 -> 0 | H50: =+E50+G50 -> 0 | AB50: =SUM(J50:X50) -> 0
E51: =+D51*3.276 -> 0 | G51: =+F51*3.588 -> 0 | H51: =+E51+G51 -> 0 | AB51: =SUM(J51:X51) -> 0
E52: =+D52*3.276 -> 0 | G52: =+F52*3.588 -> 0 | H52: =+E52+G52 -> 0 | AB52: =SUM(J52:X52) -> 0
E53: =+D53*3.276 -> 0 | G53: =+F53*3.588 -> 0 | H53: =+E53+G53 -> 0 | AB53: =SUM(J53:X53) -> 0
E54: =+D54*3.276 -> 0 | G54: =+F54*3.588 -> 0 | H54: =+E54+G54 -> 0 | AB54: =SUM(J54:X54) -> 0
E55: =+D55*3.276 -> 0 | G55: =+F55*3.588 -> 0 | H55: =+E55+G55 -> 0 | AB55: =SUM(J55:X55) -> 0
E56: =+D56*3.276 -> 0 | G56: =+F56*3.588 -> 0 | H56: =+E56+G56 -> 0 | AB56: =SUM(J56:X56) -> 0
E57: =+D57*3.276 -> 0 | G57: =+F57*3.588 -> 0 | H57: =+E57+G57 -> 0 | AB57: =SUM(J57:X57) -> 0
E58: =+D58*3.276 -> 0 | G58: =+F58*3.588 -> 0 | H58: =+E58+G58 -> 0 | AB58: =SUM(J58:X58) -> 0
... E115: =+D115*3.276 -> 0 | G115: =+F115*3.588 -> 0 | H115: =+E115+G115 -> 0 | AB115: =SUM(J115:X115) -> 0
C116: =SUM(C10:C115) -> 0 | D116: =SUM(D10:D115) -> 0 | E116: =SUM(E10:E115) -> 0 | F116: =SUM(F10:F115) -> 0 | G116: =SUM(G10:G115) -> 0 | H116: =SUM(H10:H115) -> 0 | I116: =SUM(I10:I115) -> 0 | J116: =SUM(J10:J115) -> 0 | ... Z116: =SUM(Z10:Z115) -> 0 | AA116: =SUM(AA10:AA113) -> 0 | AB116: =SUM(AB10:AB113) -> 0
H117: =+H116-'[4]DAILY OKEY AYAM'!$K$22 -> 0 | AB117: =+AB116-'[5]16-02'!$Q$22 -> -1192.32
H118: =+H117/2.88 -> 0
D119: =D17+D18+D45+D47 -> 0
D120: =557+12+45+556+372+275+380+199+266+584+597+192+544+34+577+592+595+603+612+558+751 -> 8901 | H120: =33+41+14 -> 88
D121: =D120-D119 -> 8901
E129: =687-662 -> 25

Sheet DAILY FIESTA
A1: DAILY LAPORAN FINISHGOOD RELEASE SOSIS FIESTA
A3: =+'DAILY CHAMP AYAM'!A3:AD3 -> JULI'26
H4: =+H117 -> 0 | AB4: =+#REF! -> #REF!
A5: Tgl | B5: Tgl Produksi | C5: KARANTINA PRODUKSI | D5: OUTPUT | AC5: KETERANGAN
D6: WAREHOUSE | H6: TOTAL WH | I6: OTHER | J6: RIJECT SORTASI | AB6: TOTAL REJECT
D7: Sosis Retort Fiesta 30 GR | F7: Sosis Retort Otak2 23 GR | J7: Keriput | K7: Bengkok | L7: Air Trap Produk | M7: Air Trap PVDC | N7: Klip Tajam | O7: Klip Terjepit | P7: Klip Rusak | Q7: Size tidak standart | R7: Seal Panas | S7: Seal Pecah | T7: Seal Loncat | U7: Non Kode | V7: Pin Hole | W7: Sobek Bawah Klip | X7: Lendir | Y7: Belatung | Z7: Sisa Adonan | AA7: Rework
C8: Kg | D8: Box | E8: Kg | F8: Box | G8: Kg | I8: Kg | J8: Kg | K8: Kg | L8: Kg | M8: Kg | N8: Kg | O8: Kg | P8: Kg | Q8: Kg | R8: Kg | S8: Kg | T8: Kg | V8: Kg | W8: Kg | X8: Kg | Y8: Kg | Z8: Kg | AA8: Kg
E9: =+D9*2.4 -> 0 | G9: =+F9*3.588 -> 0 | H9: =+E9+G9 -> 0
E10: =+D10*2.4 -> 0 | G10: =+F10*3.588 -> 0 | H10: =+E10+G10 -> 0 | AB10: =SUM(J10:AA10) -> 0
E11: =+D11*2.4 -> 0 | G11: =+F11*3.588 -> 0 | H11: =+E11+G11 -> 0 | AB11: =SUM(J11:AA11) -> 0
E12: =+D12*2.4 -> 0 | G12: =+F12*3.588 -> 0 | H12: =+E12+G12 -> 0 | AB12: =SUM(J12:AA12) -> 0
E13: =+D13*2.4 -> 0 | G13: =+F13*3.588 -> 0 | H13: =+E13+G13 -> 0 | AB13: =SUM(J13:AA13) -> 0
E14: =+D14*2.4 -> 0 | G14: =+F14*3.588 -> 0 | H14: =+E14+G14 -> 0 | AB14: =SUM(J14:AA14) -> 0
E15: =+D15*2.4 -> 0 | G15: =+F15*3.588 -> 0 | H15: =+E15+G15 -> 0 | AB15: =SUM(J15:AA15) -> 0
E16: =+D16*2.4 -> 0 | G16: =+F16*3.588 -> 0 | H16: =+E16+G16 -> 0 | AB16: =SUM(J16:AA16) -> 0
E17: =+D17*2.4 -> 0 | G17: =+F17*3.588 -> 0 | H17: =+E17+G17 -> 0 | AB17: =SUM(J17:AA17) -> 0
E18: =+D18*2.4 -> 0 | G18: =+F18*3.588 -> 0 | H18: =+E18+G18 -> 0 | AB18: =SUM(J18:AA18) -> 0
E19: =+D19*2.4 -> 0 | G19: =+F19*3.588 -> 0 | H19: =+E19+G19 -> 0 | AB19: =SUM(J19:AA19) -> 0
E20: =+D20*2.4 -> 0 | G20: =+F20*3.588 -> 0 | H20: =+E20+G20 -> 0 | AB20: =SUM(J20:AA20) -> 0
E21: =+D21*2.4 -> 0 | G21: =+F21*3.588 -> 0 | H21: =+E21+G21 -> 0 | AB21: =SUM(J21:AA21) -> 0
... E40: =+D40*2.4 -> 0 | G40: =+F40*3.588 -> 0 | H40: =+E40+G40 -> 0 | AB40: =SUM(J40:AA40) -> 0
E41: =+D41*2.4 -> 0 | G41: =+F41*3.588 -> 0 | H41: =+E41+G41 -> 0 | AB41: =SUM(J41:Y41) -> 0
E42: =+D42*2.4 -> 0 | G42: =+F42*3.588 -> 0 | H42: =+E42+G42 -> 0 | AB42: =SUM(J42:Y42) -> 0
E43: =+D43*2.4 -> 0 | G43: =+F43*3.588 -> 0 | H43: =+E43+G43 -> 0 | AB43: =SUM(J43:Y43) -> 0
E44: =+D44*2.4 -> 0 | G44: =+F44*3.588 -> 0 | H44: =+E44+G44 -> 0 | AB44: =SUM(J44:Y44) -> 0
E45: =+D45*2.4 -> 0 | G45: =+F45*3.588 -> 0 | H45: =+E45+G45 -> 0 | AB45: =SUM(J45:Y45) -> 0
E46: =+D46*2.4 -> 0 | G46: =+F46*3.588 -> 0 | H46: =+E46+G46 -> 0 | AB46: =SUM(J46:Y46) -> 0
E47: =+D47*2.4 -> 0 | G47: =+F47*3.588 -> 0 | H47: =+E47+G47 -> 0 | AB47: =SUM(J47:X47) -> 0
E48: =+D48*2.4 -> 0 | G48: =+F48*3.588 -> 0 | H48: =+E48+G48 -> 0 | AB48: =SUM(J48:X48) -> 0
E49: =+D49*2.4 -> 0 | G49: =+F49*3.588 -> 0 | H49: =+E49+G49 -> 0 | AB49: =SUM(J49:X49) -> 0
E50: =+D50*2.4 -> 0 | G50: =+F50*3.588 -> 0 | H50: =+E50+G50 -> 0 | AB50: =SUM(J50:X50) -> 0
E51: =+D51*2.4 -> 0 | G51: =+F51*3.588 -> 0 | H51: =+E51+G51 -> 0 | AB51: =SUM(J51:X51) -> 0
E52: =+D52*2.4 -> 0 | G52: =+F52*3.588 -> 0 | H52: =+E52+G52 -> 0 | AB52: =SUM(J52:X52) -> 0
E53: =+D53*2.4 -> 0 | G53: =+F53*3.588 -> 0 | H53: =+E53+G53 -> 0 | AB53: =SUM(J53:X53) -> 0
E54: =+D54*2.4 -> 0 | G54: =+F54*3.588 -> 0 | H54: =+E54+G54 -> 0 | AB54: =SUM(J54:X54) -> 0
E55: =+D55*2.4 -> 0 | G55: =+F55*3.588 -> 0 | H55: =+E55+G55 -> 0 | AB55: =SUM(J55:X55) -> 0
E56: =+D56*2.4 -> 0 | G56: =+F56*3.588 -> 0 | H56: =+E56+G56 -> 0 | AB56: =SUM(J56:X56) -> 0
E57: =+D57*2.4 -> 0 | G57: =+F57*3.588 -> 0 | H57: =+E57+G57 -> 0 | AB57: =SUM(J57:X57) -> 0
E58: =+D58*2.4 -> 0 | G58: =+F58*3.588 -> 0 | H58: =+E58+G58 -> 0 | AB58: =SUM(J58:X58) -> 0
... E115: =+D115*2.4 -> 0 | G115: =+F115*3.588 -> 0 | H115: =+E115+G115 -> 0 | AB115: =SUM(J115:X115) -> 0
C116: =SUM(C10:C115) -> 0 | D116: =SUM(D10:D115) -> 0 | E116: =SUM(E10:E115) -> 0 | F116: =SUM(F10:F115) -> 0 | G116: =SUM(G10:G115) -> 0 | H116: =SUM(H10:H115) -> 0 | I116: =SUM(I10:I115) -> 0 | J116: =SUM(J10:J115) -> 0 | ... Z116: =SUM(Z10:Z115) -> 0 | AA116: =SUM(AA10:AA113) -> 0 | AB116: =SUM(AB10:AB113) -> 0
H117: =+H116-'[4]DAILY OKEY AYAM'!$K$22 -> 0 | AB117: =+AB116-'[5]16-02'!$Q$22 -> -1192.32
H118: =+H117/2.88 -> 0
D119: =D17+D18+D45+D47 -> 0
D120: =557+12+45+556+372+275+380+199+266+584+597+192+544+34+577+592+595+603+612+558+751 -> 8901 | H120: =33+41+14 -> 88
D121: =D120-D119 -> 8901
E129: =687-662 -> 25

Sheet BSTB
Q1: =+Q12/3.276 -> 0 | U1: =+T12/3.75 -> 0
A2: Tanggal | B2: Kode Batch | C2: Champ Ayam | E2: Okey Ayam | G2: Champ Sapi | I2: Champ Otak2 | K2: Fiesta | O2: CHAMP AYAM | R2: OKEY AYAM | U2: SAPI | X2: OTAK2
D3: =+C3*3.276 -> 0 | F3: =+E3*3.875 -> 0 | H3: =+G3*3.276 -> 0 | J3: =+I3*3.276 -> 0 | L3: =+K3*2.4 -> 0 | N3: =+'ALL SORTASI'!A6 -> 46204 | O3: =SUMIF($B$3:$B$177,$N3,$D$3:$D$116) -> 1447.992 | P3: =+'REKAPAN CHAMP AYAM'!C4 -> 1447.992 | Q3: =+O3-P3 -> 0 | R3: =SUMIF($B$3:$B$177,$N3,$F$3:$F$116) -> 9947.125 | S3: =+'REKAPAN OKEY AYAM'!C4 -> 9947.125 | T3: =+R3-S3 -> 0 | U3: =SUMIF($B$3:$B$177,$N3,$H$3:$H$116) -> 0 | V3: =+'REKAPAN CHAMP SAPI'!C4 -> 0 | W3: =+U3-V3 -> 0 | X3: =SUMIF($B$3:$B$177,$N3,$J$3:$J$116) -> 0 | Y3: =+'REKAPAN CHAMP OTAK-OTAK'!C4 -> 0 | Z3: =+X3-Y3 -> 0
A4: 46209 | B4: 46204 | C4: 442 | D4: =+C4*3.276 -> 1447.992 | F4: =+E4*3.875 -> 0 | H4: =+G4*3.276 -> 0 | J4: =+I4*3.276 -> 0 | L4: =+K4*2.4 -> 0 | N4: =+'ALL SORTASI'!A7 -> 46205 | O4: =SUMIF($B$3:$B$177,$N4,$D$3:$D$116) -> 13746.096 | P4: =+'REKAPAN CHAMP AYAM'!C5 -> 13746.096 | Q4: =+O4-P4 -> 0 | R4: =SUMIF($B$3:$B$177,$N4,$F$3:$F$116) -> 0 | S4: =+'REKAPAN OKEY AYAM'!C5 -> 0 | T4: =+R4-S4 -> 0 | U4: =SUMIF($B$3:$B$177,$N4,$H$3:$H$116) -> 0 | V4: =+'REKAPAN CHAMP SAPI'!C5 -> 0 | W4: =+U4-V4 -> 0 | X4: =SUMIF($B$3:$B$177,$N4,$J$3:$J$116) -> 0 | Y4: =+'REKAPAN CHAMP OTAK-OTAK'!C5 -> 0 | Z4: =+X4-Y4 -> 0
B5: 46205 | C5: =455+468+488+329+504+483+153 -> 2880 | D5: =+C5*3.276 -> 9434.88 | F5: =+E5*3.875 -> 0 | H5: =+G5*3.276 -> 0 | J5: =+I5*3.276 -> 0 | L5: =+K5*2.4 -> 0 | N5: =+'ALL SORTASI'!A8 -> 46206 | O5: =SUMIF($B$3:$B$177,$N5,$D$3:$D$116) -> 13644.54 | P5: =+'REKAPAN CHAMP AYAM'!C6 -> 13644.54 | Q5: =+O5-P5 -> 0 | R5: =SUMIF($B$3:$B$177,$N5,$F$3:$F$116) -> 0 | S5: =+'REKAPAN OKEY AYAM'!C6 -> 0 | T5: =+R5-S5 -> 0 | U5: =SUMIF($B$3:$B$177,$N5,$H$3:$H$116) -> 0 | V5: =+'REKAPAN CHAMP SAPI'!C6 -> 0 | W5: =+U5-V5 -> 0 | X5: =SUMIF($B$3:$B$177,$N5,$J$3:$J$116) -> 0 | Y5: =+'REKAPAN CHAMP OTAK-OTAK'!C6 -> 0 | Z5: =+X5-Y5 -> 0
